sex,twitter,instagram,facebook,snapchat,youtube,whatsapp,pinterest,linkedin,reddit,tiktok,nextdoor,job,bd,cri,cvd,hc,ter,gt,edu,inf,sc,imm,ec,gcc,jus,poor,mil,pol,ra,da,race,age_cat,region
Male,1,1,1,0,1,0,0,0,1,0,0,1,0,0,0,1,0,0,0,0,1,0,0,0,0,1,0,0,0,1,asian,18 - 29,south
Male,1,1,1,1,1,1,1,1,1,1,1,0,1,0,1,1,0,1,0,0,0,0,0,0,1,0,0,0,0,1,hispanic,30 - 49,midwest
Male,1,1,1,1,1,1,0,0,1,0,0,0,0,1,1,1,1,0,1,1,1,0,0,1,0,1,0,0,0,1,white,30 - 49,midwest
Male,1,1,1,0,1,0,0,1,0,0,0,1,1,1,0,1,0,0,0,1,0,1,1,0,0,0,0,1,0,0,white,18 - 29,west
Female,1,1,1,1,1,0,1,0,1,0,0,0,0,0,1,0,0,0,1,1,1,0,1,1,0,1,0,1,0,0,white,30 - 49,northeast
Male,1,1,0,1,1,0,1,0,1,0,0,0,1,0,0,0,0,0,0,1,0,0,1,0,0,0,0,0,0,0,white,18 - 29,west
Male,1,1,1,1,1,0,0,0,1,1,0,1,0,0,0,1,0,0,0,0,0,1,0,1,1,1,0,1,1,0,white,18 - 29,south
Male,1,1,1,1,1,0,1,1,1,0,0,1,0,0,1,1,0,0,1,1,0,1,1,0,0,0,0,1,1,0,white,30 - 49,northeast
Male,0,1,1,0,1,0,0,0,1,0,1,0,0,0,0,NA,0,0,0,0,0,0,0,0,0,0,0,0,0,0,white,18 - 29,south
Female,1,1,1,1,1,1,1,1,1,1,0,1,0,0,1,0,0,0,0,0,0,0,1,1,0,0,0,1,1,0,white,18 - 29,south
Male,1,0,1,0,1,1,0,1,1,0,0,0,0,0,1,1,0,0,1,0,0,0,0,1,0,0,0,0,0,0,white,30 - 49,west
Male,1,1,1,1,1,1,1,1,1,1,1,1,0,1,0,1,0,1,1,1,1,1,1,1,0,0,0,0,1,0,white,50 - 64,south
Male,0,1,1,1,1,1,1,1,1,1,1,0,0,1,NA,1,1,0,0,0,0,0,0,0,0,1,0,0,0,1,hispanic,30 - 49,south
Male,1,1,1,1,1,1,1,1,1,1,1,0,0,0,0,0,0,1,0,1,1,1,0,1,0,0,0,0,0,0,hispanic,50 - 64,south
Male,0,1,1,1,1,0,1,1,1,0,0,0,0,0,1,0,0,0,1,1,1,1,0,1,0,0,1,0,0,0,other,18 - 29,northeast
Male,1,1,1,1,1,1,1,1,0,0,0,0,1,0,0,1,0,0,1,1,1,1,1,0,0,0,1,1,1,0,white,30 - 49,midwest
Male,1,1,1,0,1,1,0,1,1,0,1,1,0,1,1,1,0,1,1,1,0,0,1,1,1,1,0,1,1,NA,white,30 - 49,south
Female,1,NA,1,1,1,1,1,1,1,1,0,1,1,0,1,0,0,1,0,0,0,1,1,0,0,0,0,1,0,1,white,30 - 49,west
Male,0,1,0,0,1,0,0,0,1,0,0,0,0,0,0,1,0,0,0,0,0,0,0,1,1,1,0,1,0,0,white,18 - 29,south
Male,1,1,1,0,1,1,0,1,1,0,0,1,0,1,1,1,0,0,1,0,1,0,1,1,1,1,0,1,1,0,asian,30 - 49,northeast
Male,1,1,1,0,1,1,1,0,NA,1,0,0,0,0,0,0,NA,0,0,0,0,0,0,0,0,0,0,0,0,0,white,18 - 29,west
Female,1,1,1,1,NA,1,0,1,0,1,1,0,0,0,0,1,0,0,0,0,0,0,1,0,0,1,0,1,0,0,hispanic,50 - 64,south
Female,1,1,1,1,1,1,0,1,1,1,1,0,0,0,1,0,0,0,0,1,0,1,1,0,0,1,0,0,0,0,hispanic,30 - 49,west
Female,1,0,0,0,1,0,1,0,1,0,0,1,0,0,1,1,1,0,1,0,0,1,0,0,1,1,0,0,1,0,asian,18 - 29,south
Female,1,0,1,0,1,0,0,1,1,0,0,1,1,1,0,1,0,0,0,0,1,0,1,0,0,0,0,0,0,0,white,30 - 49,northeast
Male,0,1,1,0,1,0,0,1,1,0,1,0,0,0,0,1,0,0,0,0,0,0,1,1,0,0,0,1,0,0,white,18 - 29,south
Male,1,1,1,1,1,1,0,1,1,0,1,0,0,0,1,1,0,0,1,1,1,0,0,0,1,1,0,1,1,0,white,30 - 49,northeast
Female,1,1,1,1,1,0,1,0,0,0,0,1,1,1,1,1,0,0,1,0,1,1,1,1,1,1,0,1,1,1,white,30 - 49,south
Male,1,1,1,1,1,1,1,1,1,1,0,0,0,0,1,1,1,0,1,0,0,1,0,1,1,0,0,1,1,0,white,18 - 29,northeast
Male,1,1,1,1,1,1,1,1,1,1,1,1,1,1,1,1,0,1,1,1,1,1,1,1,1,1,1,1,1,1,white,18 - 29,northeast
Male,1,1,1,1,1,1,1,1,1,1,1,0,1,0,0,1,0,0,0,1,0,0,1,0,0,0,0,1,0,0,black,30 - 49,northeast
Female,1,1,1,1,1,1,1,1,1,1,0,0,0,1,0,0,0,1,1,0,0,0,0,1,0,0,0,0,0,0,white,18 - 29,west
Male,1,1,1,1,1,1,1,1,1,1,1,0,1,0,0,0,1,0,1,1,1,0,1,1,1,0,0,1,0,1,hispanic,18 - 29,south
Male,1,1,NA,0,1,0,1,1,1,0,0,0,0,0,0,0,0,0,0,0,0,0,0,0,0,0,0,0,0,0,white,30 - 49,south
Female,1,1,1,1,1,1,1,1,0,0,1,1,0,0,1,1,0,1,0,0,0,1,1,1,1,1,1,1,1,1,white,18 - 29,south
Male,0,1,1,1,1,0,0,0,1,0,1,0,0,0,0,1,0,0,0,0,1,0,1,0,0,0,0,0,0,0,white,30 - 49,west
Female,1,1,1,0,1,0,1,1,1,0,0,0,1,0,1,1,1,0,0,1,1,0,0,0,0,1,0,0,1,0,white,30 - 49,south
Female,1,1,1,0,1,1,0,1,1,0,1,1,1,1,1,1,1,NA,0,0,1,0,1,1,0,0,0,0,0,0,asian,30 - 49,south
Female,0,1,1,1,1,0,1,1,1,1,0,0,0,0,1,0,1,0,0,0,0,0,0,1,1,0,0,0,0,0,white,30 - 49,midwest
Male,1,1,1,1,1,1,1,1,1,1,1,0,0,0,0,0,0,0,0,0,1,0,0,0,0,0,0,0,0,1,hispanic,30 - 49,midwest
Male,1,0,1,0,1,0,0,1,0,0,1,0,1,0,0,0,1,0,0,0,0,0,0,0,0,0,0,0,0,0,white,30 - 49,midwest
Male,1,1,1,1,1,1,0,1,1,0,0,0,0,0,0,0,0,0,0,1,0,0,0,1,0,0,0,1,0,0,white,30 - 49,midwest
Female,1,1,1,1,1,1,1,1,1,1,0,0,0,0,0,0,0,0,0,0,0,1,0,0,0,1,0,0,0,0,hispanic,30 - 49,south
Female,1,1,1,1,1,1,1,1,1,1,1,1,0,0,1,1,1,0,0,1,1,0,1,1,1,NA,0,1,0,0,white,50 - 64,midwest
Male,1,1,1,1,1,1,1,1,1,1,1,0,0,0,1,1,0,1,0,0,0,0,0,0,1,0,0,0,0,0,hispanic,30 - 49,west
Male,1,1,1,1,1,1,1,1,0,1,1,0,1,1,0,1,1,0,0,0,1,0,1,0,0,1,1,0,0,1,white,18 - 29,midwest
Male,1,1,1,0,1,1,1,0,0,0,0,0,0,1,1,0,0,0,0,0,1,0,0,1,1,1,1,0,0,0,black,30 - 49,midwest
Female,1,1,1,0,1,NA,0,1,0,0,1,0,0,0,0,1,0,0,1,0,1,0,0,0,0,0,1,0,0,0,hispanic,30 - 49,south
Male,1,1,1,1,1,1,1,1,1,1,1,1,0,0,0,0,0,0,0,1,0,0,1,0,0,1,0,0,0,0,hispanic,30 - 49,midwest
Female,1,1,1,0,1,0,1,0,0,1,0,0,0,0,1,1,0,0,0,0,0,0,0,0,0,1,0,0,0,0,white,30 - 49,northeast
Female,1,1,1,0,1,0,0,0,1,1,0,1,0,1,0,0,0,0,1,1,1,1,1,0,0,1,0,0,0,0,white,30 - 49,south
Female,0,1,1,1,1,1,1,0,0,1,0,0,0,0,1,0,0,0,0,0,0,0,0,0,1,0,1,0,1,0,white,18 - 29,northeast
Male,1,1,1,1,1,1,1,1,1,1,0,0,0,0,0,0,0,0,1,0,0,0,0,0,0,0,0,0,0,0,white,30 - 49,south
Female,0,0,0,0,1,0,0,0,1,0,0,1,1,0,1,1,0,0,1,0,0,0,0,0,0,0,0,0,0,0,asian,18 - 29,west
Male,1,1,1,1,1,1,0,1,1,1,0,1,0,1,1,1,1,1,0,0,1,1,1,1,1,1,1,0,0,1,hispanic,50 - 64,west
Male,1,1,1,1,1,1,1,1,1,0,0,0,0,0,1,0,0,0,0,0,0,1,1,0,0,0,0,1,1,1,hispanic,30 - 49,south
Male,1,1,1,1,1,1,1,1,1,1,0,0,0,0,1,1,1,0,0,0,1,0,0,1,1,0,0,1,0,0,white,50 - 64,south
Male,1,NA,1,1,1,1,1,0,1,1,0,0,0,0,1,1,1,1,1,0,0,1,0,1,1,1,0,1,1,0,white,30 - 49,south
Male,1,1,1,1,1,0,0,1,1,1,0,0,1,0,0,0,0,1,0,0,0,1,0,0,0,1,1,0,0,0,white,30 - 49,south
Female,1,1,1,1,1,0,0,1,0,0,0,1,1,1,1,1,0,0,1,0,0,1,0,1,0,1,0,0,1,0,white,30 - 49,northeast
Female,1,1,0,1,1,1,1,1,1,1,1,0,1,0,0,0,0,0,0,0,0,0,0,0,0,0,0,0,0,0,white,18 - 29,west
Male,1,1,1,0,1,1,0,1,1,0,0,1,0,0,1,1,0,0,1,0,1,0,0,1,0,1,0,0,1,0,white,30 - 49,south
Female,1,1,1,1,1,1,1,1,1,1,1,0,0,0,0,0,0,0,0,0,0,0,0,0,0,0,0,0,0,0,hispanic,30 - 49,midwest
Female,1,1,1,1,1,0,1,1,1,1,0,1,0,0,1,0,0,0,0,0,0,0,1,0,0,0,0,0,0,0,white,30 - 49,midwest
Male,0,0,0,0,1,0,0,0,1,0,0,0,0,0,1,1,0,0,1,1,0,0,0,1,0,1,0,0,0,0,white,30 - 49,south
Male,1,1,1,0,1,0,1,0,1,1,0,1,1,0,1,1,0,0,0,1,0,1,1,0,0,0,0,1,0,0,white,30 - 49,south
Male,1,1,1,0,1,1,0,1,1,1,1,1,1,1,NA,1,1,1,1,1,1,1,1,1,1,1,1,1,1,1,white,30 - 49,south
Male,0,1,1,1,1,0,1,1,1,0,0,0,1,0,1,1,0,0,1,0,1,0,1,1,1,1,0,1,1,0,other,30 - 49,south
Male,1,1,1,0,1,1,0,0,1,0,0,0,0,1,0,1,1,0,1,0,0,0,1,0,0,0,0,0,0,0,white,30 - 49,west
Male,1,1,1,1,1,0,1,1,1,1,0,1,0,0,0,1,0,0,0,0,0,0,0,0,0,1,0,1,0,0,white,30 - 49,midwest
Male,1,1,1,1,1,1,1,0,1,1,1,0,0,1,0,1,1,1,0,1,1,1,0,1,0,0,1,0,1,1,white,30 - 49,west
Male,0,1,1,0,1,0,0,0,0,0,0,0,1,0,0,0,0,0,0,0,0,0,1,0,0,0,0,0,0,0,white,18 - 29,midwest
Male,1,1,1,1,1,1,0,1,1,1,0,1,0,1,1,0,0,1,1,0,0,1,1,0,0,1,0,1,0,0,white,18 - 29,south
Female,1,1,1,1,1,0,1,0,1,1,1,1,1,1,1,0,1,1,1,0,0,1,1,0,1,1,1,1,0,1,white,30 - 49,south
Male,1,1,1,0,1,1,0,0,1,1,0,0,0,1,1,0,0,1,0,0,0,0,0,0,0,1,0,0,0,0,hispanic,50 - 64,south
Male,0,0,0,0,1,0,0,0,0,0,0,1,0,1,0,1,0,0,0,0,0,0,1,0,0,0,0,0,0,0,white,18 - 29,midwest
Male,1,0,1,0,1,0,0,1,0,0,0,0,0,0,1,0,0,0,0,0,0,1,0,0,0,1,0,0,0,0,hispanic,18 - 29,west
Male,1,1,1,1,1,1,1,1,1,0,1,1,0,1,1,1,0,1,1,0,0,0,0,1,1,0,1,1,0,0,white,18 - 29,south
Male,0,0,0,0,1,1,0,0,0,0,0,0,0,0,1,0,0,0,0,1,0,0,1,1,0,1,0,1,1,0,other,50 - 64,west
Male,1,1,1,1,1,1,1,1,1,1,1,0,0,0,1,1,0,1,0,1,0,1,1,1,1,0,1,0,0,0,white,30 - 49,northeast
Male,1,1,1,0,1,0,1,1,1,0,0,0,0,1,1,1,0,0,0,0,1,0,1,0,1,1,0,0,1,0,black,30 - 49,south
Male,1,1,1,1,1,1,0,1,1,0,0,1,0,0,0,1,0,0,1,0,1,0,1,0,0,0,0,0,0,0,asian,30 - 49,midwest
Male,1,1,1,0,1,1,0,0,1,0,0,0,0,0,1,1,0,0,0,0,0,0,0,1,0,1,0,0,1,0,white,18 - 29,midwest
Male,0,1,1,1,1,1,0,1,0,1,1,0,1,0,0,0,1,0,1,1,0,0,1,1,1,0,0,0,0,0,hispanic,30 - 49,west
Male,1,0,0,0,1,0,1,0,1,0,NA,0,0,0,1,1,1,0,0,0,0,0,0,1,0,1,0,1,1,0,white,30 - 49,south
Male,1,1,1,0,1,1,0,0,0,0,0,1,0,1,0,0,0,0,0,0,0,1,1,0,0,0,0,1,0,0,white,30 - 49,west
Male,1,1,1,1,1,0,0,0,1,1,1,1,1,0,1,1,0,0,1,1,1,0,1,1,1,1,0,1,0,1,white,18 - 29,northeast
Female,1,1,1,1,1,0,1,1,1,0,1,1,1,0,1,1,0,0,1,1,1,0,1,0,0,0,0,1,0,0,white,18 - 29,south
Male,1,1,1,1,1,1,1,1,1,1,1,0,0,0,0,0,1,0,1,1,1,0,0,1,1,0,0,0,1,1,hispanic,30 - 49,south
Male,1,0,0,0,1,0,0,0,1,0,0,1,0,1,1,1,0,0,0,0,0,0,1,1,0,0,0,0,1,0,white,30 - 49,west
Female,NA,1,1,0,1,1,1,1,1,0,0,0,1,0,1,1,0,0,0,0,1,0,0,0,0,1,0,0,1,0,white,50 - 64,south
Female,1,1,1,1,1,1,0,1,0,1,0,0,0,1,1,1,1,0,1,0,0,1,0,0,1,0,0,1,1,0,white,18 - 29,west
Female,1,1,1,1,1,1,1,1,1,1,0,0,0,0,1,1,0,0,1,0,0,1,0,1,1,0,0,0,1,1,hispanic,18 - 29,northeast
Male,0,1,1,0,1,1,0,1,1,0,0,0,1,0,0,1,0,0,1,1,0,1,1,0,1,0,1,0,0,0,white,30 - 49,midwest
Male,0,0,1,1,1,0,0,1,1,1,0,0,0,0,0,1,0,0,0,0,0,1,0,0,0,0,0,0,0,0,white,18 - 29,west
Female,1,0,0,0,1,0,0,1,1,0,0,0,0,0,1,0,0,0,0,0,0,0,0,0,0,0,0,1,0,0,white,18 - 29,west
Female,1,1,1,0,1,1,0,0,0,0,0,1,1,1,0,0,1,0,0,1,1,1,1,0,0,0,1,1,0,0,white,50 - 64,south
Female,1,0,1,0,1,1,0,1,1,0,1,1,0,1,1,1,1,0,1,0,1,1,1,0,0,1,0,1,0,1,asian,50 - 64,midwest
Female,0,1,0,0,1,0,1,1,1,0,1,1,0,1,0,0,0,0,1,0,0,0,0,0,1,0,0,0,0,1,black,30 - 49,midwest
Male,1,1,1,1,1,1,1,1,1,1,0,1,0,0,1,0,0,1,0,1,1,0,1,0,0,0,0,0,0,0,white,30 - 49,west
Male,1,1,1,1,1,1,1,1,1,0,1,1,1,1,0,0,1,0,0,0,0,1,0,0,1,1,1,1,0,1,hispanic,30 - 49,west
Female,0,1,1,0,1,0,1,0,1,0,0,0,0,0,1,1,0,0,0,0,0,1,0,1,0,0,0,0,1,0,white,30 - 49,south
Male,1,1,1,1,1,1,1,1,1,1,1,0,0,1,0,0,0,1,0,0,1,1,0,1,0,0,0,1,1,1,hispanic,30 - 49,south
Male,1,1,1,1,1,1,0,0,0,1,0,1,1,1,0,1,1,0,0,1,1,1,1,0,1,0,1,0,0,1,black,18 - 29,midwest
Male,0,1,1,1,1,1,1,0,0,0,0,1,1,0,1,0,0,0,1,0,0,0,1,1,1,0,0,1,1,0,hispanic,30 - 49,south
Female,1,1,1,1,1,1,0,1,0,0,0,1,0,1,1,0,0,1,1,0,1,1,1,0,0,1,1,0,0,0,hispanic,18 - 29,south
Female,0,1,1,1,1,0,NA,1,0,0,0,1,1,1,1,1,1,1,1,1,1,1,1,1,1,1,1,1,1,0,white,30 - 49,south
Male,1,1,1,1,1,1,1,1,1,1,0,1,0,0,1,1,0,0,0,1,0,0,0,1,0,1,0,1,0,0,white,18 - 29,west
Male,1,1,1,0,1,1,1,0,0,1,0,0,0,0,0,0,0,0,1,0,1,1,0,1,0,0,1,0,0,0,hispanic,30 - 49,south
Female,1,1,1,1,1,1,1,1,1,1,1,1,1,1,0,0,0,1,1,0,0,0,0,0,0,1,0,1,0,1,hispanic,50 - 64,west
Male,1,1,1,1,1,1,1,1,1,1,1,0,0,0,0,0,0,0,0,0,0,0,0,0,0,0,0,0,0,0,white,30 - 49,midwest
Female,1,1,1,1,1,1,0,1,1,1,0,1,1,1,1,1,1,1,1,0,0,0,1,1,1,1,1,1,1,0,other,50 - 64,west
Male,1,1,1,1,1,1,1,1,1,0,0,1,1,1,1,1,1,1,1,1,1,0,1,0,1,1,1,1,0,0,white,30 - 49,northeast
Male,1,1,1,1,1,1,1,1,0,1,1,0,0,0,1,1,0,0,0,1,0,1,0,0,1,0,0,1,0,1,hispanic,65 +,south
Male,1,1,1,1,1,1,0,1,1,1,1,0,1,0,0,0,0,0,0,0,0,0,0,0,0,0,0,0,0,0,white,30 - 49,west
Male,1,1,1,1,1,1,1,1,0,0,0,0,0,0,1,1,1,0,0,0,0,0,0,0,0,0,0,1,0,0,white,18 - 29,south
Female,1,1,1,1,1,1,1,1,1,1,1,1,1,1,1,1,1,1,1,1,1,1,1,1,1,1,1,1,1,1,white,50 - 64,south
Female,1,1,0,1,1,1,0,0,1,0,0,0,0,0,0,1,0,0,0,1,0,0,0,1,0,0,0,0,0,0,hispanic,18 - 29,south
Female,1,1,1,0,1,1,1,1,1,0,1,1,0,0,1,1,0,0,0,0,1,0,1,1,0,0,0,1,0,0,white,50 - 64,west
Female,1,1,1,1,1,0,1,1,1,1,0,1,1,1,1,0,1,0,0,0,1,1,1,0,0,0,1,1,0,0,white,30 - 49,northeast
Male,1,1,1,1,1,1,1,0,NA,0,1,NA,0,0,1,0,0,0,0,0,0,1,1,0,0,0,0,0,1,0,hispanic,30 - 49,midwest
Male,1,1,1,1,1,1,1,1,1,0,0,0,0,0,0,0,0,0,0,1,0,0,1,0,1,0,1,0,0,0,white,30 - 49,west
Male,1,1,1,1,1,NA,1,1,1,1,1,1,0,1,1,NA,1,1,1,0,0,1,0,1,0,1,0,0,1,0,hispanic,30 - 49,west
Male,1,1,1,1,1,1,1,1,1,1,1,0,0,0,0,0,0,0,0,0,0,0,0,0,0,0,0,0,0,0,white,18 - 29,south
Female,1,0,1,0,1,1,0,1,0,0,1,1,1,0,0,1,0,0,0,0,1,1,1,0,0,0,0,0,0,0,white,50 - 64,south
Male,1,0,1,0,1,0,1,0,1,0,0,0,0,0,0,0,0,0,0,0,0,0,1,0,0,0,0,0,0,0,white,30 - 49,south
Female,1,0,1,0,1,0,1,0,1,0,0,0,0,0,1,1,0,0,0,0,0,0,0,1,0,0,0,0,1,0,white,50 - 64,south
Male,1,1,1,1,1,1,0,0,1,0,0,0,0,0,1,1,0,0,0,0,0,0,1,0,0,0,0,0,0,0,white,30 - 49,northeast
Female,1,1,1,0,1,1,0,0,0,0,0,1,1,1,1,1,1,1,0,0,1,0,1,0,1,1,1,1,0,0,white,50 - 64,south
Male,1,1,1,1,1,1,1,1,1,0,0,0,1,0,0,0,0,0,0,1,0,1,1,0,0,0,0,1,0,0,white,50 - 64,northeast
Female,1,1,1,1,1,1,1,1,1,1,1,1,0,1,0,0,1,1,1,1,1,0,0,1,1,1,NA,0,0,1,hispanic,30 - 49,south
Female,1,1,0,1,1,1,1,1,0,0,0,0,0,0,1,0,0,0,0,0,0,0,0,0,1,1,0,1,1,0,black,30 - 49,south
Female,1,1,1,0,1,0,1,1,1,1,0,1,0,0,1,1,1,0,1,0,0,1,1,0,0,1,0,1,1,0,white,50 - 64,south
Female,1,1,1,0,1,0,1,1,1,0,0,1,0,1,0,0,1,0,0,1,0,0,1,0,1,0,0,0,1,0,hispanic,18 - 29,south
Female,1,1,1,1,1,1,1,1,1,1,0,1,1,0,0,1,1,1,1,0,1,0,0,0,1,0,0,0,1,0,white,18 - 29,south
Female,0,1,1,1,1,1,0,NA,1,1,0,0,1,0,1,0,0,0,0,0,0,1,1,1,1,0,1,0,0,0,hispanic,30 - 49,south
Male,0,1,0,0,1,0,0,1,1,0,1,1,0,0,0,0,0,0,0,0,0,1,1,0,0,0,0,0,0,0,white,50 - 64,midwest
Female,1,1,1,0,1,0,1,1,0,1,0,0,0,1,0,0,0,1,0,0,0,0,0,0,0,1,0,1,0,0,other,18 - 29,south
Male,1,1,1,0,1,1,0,1,1,1,0,0,0,0,0,0,1,0,0,1,0,1,0,0,0,0,1,0,1,0,white,50 - 64,west
Male,1,1,1,1,1,1,1,1,1,1,1,0,0,0,0,1,0,0,1,0,0,0,0,0,0,0,0,0,0,0,hispanic,30 - 49,midwest
Male,0,NA,1,1,1,0,0,1,1,0,0,1,0,0,1,1,0,0,0,0,0,0,1,1,1,0,0,1,0,0,white,18 - 29,south
Male,0,0,1,0,1,0,0,1,1,0,0,0,1,0,1,1,0,0,1,0,0,0,0,1,0,1,0,1,1,0,white,65 +,west
Male,1,1,1,1,1,1,0,0,1,0,0,0,0,0,0,0,0,0,0,0,0,0,1,1,0,0,0,0,0,0,white,18 - 29,northeast
Male,1,1,1,1,1,1,1,1,1,1,1,0,0,0,0,0,0,0,0,1,0,0,0,0,0,0,0,0,0,0,hispanic,30 - 49,west
Male,1,1,1,1,1,0,1,0,1,0,0,1,0,0,1,0,1,0,1,0,0,0,0,1,0,0,0,0,1,0,white,30 - 49,south
Male,1,1,1,1,1,1,1,1,0,0,0,0,0,1,1,0,0,0,0,0,0,0,1,0,1,0,0,0,1,1,white,30 - 49,south
Male,1,1,1,1,1,1,1,1,1,1,0,1,1,1,1,1,1,1,1,1,1,1,1,1,0,1,0,0,1,1,white,30 - 49,south
Female,1,1,1,1,1,1,1,1,1,1,0,1,0,1,0,0,1,0,1,0,0,0,0,1,1,0,1,0,0,1,white,30 - 49,south
Male,1,1,1,0,1,1,1,1,1,0,0,0,0,0,1,0,1,0,0,0,0,0,0,1,0,0,0,0,0,0,white,18 - 29,midwest
Male,1,1,1,1,1,1,1,0,1,1,1,0,0,0,0,1,0,0,0,0,0,0,0,0,1,0,0,0,1,0,hispanic,30 - 49,south
Male,1,1,1,1,1,1,1,1,1,1,1,0,1,1,1,0,0,1,1,1,0,1,1,0,0,1,1,1,0,0,hispanic,30 - 49,midwest
Male,1,1,1,1,1,1,1,1,1,0,1,0,0,0,0,0,1,1,1,1,1,0,1,1,0,0,0,0,1,0,white,50 - 64,midwest
Female,1,1,1,0,1,1,1,0,1,0,1,1,1,1,0,1,0,0,1,0,0,1,1,0,1,1,0,1,0,1,white,30 - 49,northeast
Female,1,1,0,1,1,1,0,1,1,1,0,1,0,0,0,0,0,0,0,0,1,0,1,1,0,1,0,0,1,0,hispanic,18 - 29,west
Male,0,0,1,0,1,0,0,0,1,0,0,1,0,0,1,1,0,0,0,0,0,0,0,1,0,1,0,1,1,0,white,30 - 49,northeast
Female,1,1,1,0,1,0,0,1,0,1,1,1,0,1,1,1,1,0,0,1,1,1,1,1,0,1,1,1,1,0,white,30 - 49,south
Male,1,1,0,0,1,0,0,0,1,0,0,1,1,0,1,1,1,0,1,0,0,1,1,1,0,1,1,0,0,0,white,50 - 64,midwest
Female,1,1,1,1,1,0,0,0,0,0,1,0,0,1,1,1,1,0,0,1,0,0,0,1,0,0,1,1,1,0,white,18 - 29,south
Male,1,1,1,0,1,0,1,0,1,0,0,0,0,0,0,1,0,0,0,0,0,0,0,1,1,1,0,1,0,0,white,30 - 49,midwest
Male,1,1,1,0,1,1,1,1,0,1,0,0,0,0,1,1,0,0,0,0,1,0,0,1,1,0,1,1,1,0,white,18 - 29,south
Male,1,1,1,0,1,1,0,1,1,1,0,0,0,0,0,0,0,0,0,0,0,0,0,0,NA,0,0,1,1,0,hispanic,30 - 49,south
Male,1,1,1,0,1,0,1,1,1,1,0,0,0,0,1,1,0,0,0,0,0,0,0,1,0,0,0,1,1,0,white,30 - 49,northeast
Male,1,1,1,1,1,1,0,1,1,1,0,1,1,0,1,1,1,0,0,1,1,1,1,1,0,1,1,1,1,1,hispanic,30 - 49,south
Female,1,1,1,1,1,0,1,0,0,1,0,1,0,1,0,0,0,0,1,0,1,0,1,0,0,0,1,0,0,0,white,30 - 49,northeast
Female,1,1,1,1,1,1,1,1,1,1,1,0,1,0,0,0,1,1,1,1,0,1,0,1,0,0,1,0,1,1,hispanic,30 - 49,south
Male,0,0,1,1,1,0,0,0,0,0,0,1,1,1,1,0,1,0,0,1,1,0,1,0,0,0,0,1,0,0,white,30 - 49,midwest
Male,1,1,1,0,1,0,0,1,1,0,0,0,0,0,1,0,0,0,0,1,0,0,1,1,0,0,0,0,0,0,white,50 - 64,south
Male,1,1,1,1,1,0,1,1,1,0,1,1,1,0,0,1,0,0,1,1,0,1,1,0,1,1,0,1,0,1,white,30 - 49,west
Male,1,1,0,1,1,1,1,1,1,1,0,1,0,0,1,1,0,0,1,1,0,0,0,1,1,1,0,1,1,0,black,30 - 49,northeast
Male,1,1,1,1,1,1,1,1,1,1,1,1,0,1,0,1,0,0,1,0,0,1,1,1,0,1,0,1,1,0,hispanic,18 - 29,west
Male,0,1,1,0,1,0,0,0,1,0,0,0,0,0,0,0,1,0,0,0,0,0,1,1,0,0,0,1,0,0,white,30 - 49,midwest
Male,1,1,1,0,1,1,0,1,1,0,0,0,0,0,1,0,0,0,0,0,0,0,0,1,0,0,0,0,0,0,white,30 - 49,midwest
Male,1,1,1,1,1,0,1,1,1,0,0,1,0,0,0,1,0,0,0,0,0,0,1,0,0,0,0,0,0,0,white,30 - 49,south
Male,0,1,1,0,1,0,0,1,1,0,0,0,0,0,0,1,0,0,0,0,0,0,0,1,0,0,0,0,0,0,white,30 - 49,south
Female,1,1,1,0,1,0,1,0,1,1,0,0,0,0,1,0,0,0,0,0,0,0,0,NA,0,0,0,0,0,0,white,18 - 29,midwest
Male,1,1,1,1,1,1,1,1,1,1,1,NA,1,0,0,1,1,1,0,1,0,1,0,1,0,1,0,1,0,0,hispanic,30 - 49,midwest
Female,1,1,1,1,1,1,1,1,1,1,1,0,0,0,1,0,0,1,0,1,0,0,0,0,1,0,0,0,0,0,black,30 - 49,northeast
Male,1,1,1,0,1,1,1,1,1,0,0,1,0,0,1,1,0,1,1,0,1,0,0,0,1,1,0,0,1,1,black,30 - 49,south
Male,1,0,1,0,1,1,0,0,0,1,0,1,1,1,1,1,1,1,1,1,1,1,1,1,1,1,1,1,1,1,white,30 - 49,northeast
Male,1,1,1,1,1,1,1,1,0,0,0,0,0,0,0,0,0,0,0,1,0,1,0,0,0,1,1,0,1,0,hispanic,30 - 49,south
Male,1,1,0,0,1,0,1,0,1,0,0,0,0,0,0,1,0,0,0,1,1,1,0,1,0,1,0,0,1,0,white,30 - 49,midwest
Male,1,1,1,1,1,1,1,1,1,1,1,1,1,0,1,0,0,0,1,0,0,1,0,1,1,1,1,0,0,0,white,65 +,west
Female,0,0,1,0,0,0,0,0,0,0,0,0,1,1,0,0,1,1,0,0,1,1,1,0,0,0,1,0,0,0,white,50 - 64,south
Male,1,1,1,0,1,0,0,1,0,0,0,1,1,0,0,0,0,0,0,0,0,0,1,0,0,1,0,0,0,0,white,50 - 64,northeast
Male,1,1,1,1,1,1,1,1,1,1,1,1,0,0,0,0,0,0,0,0,1,1,0,1,0,0,0,0,0,1,hispanic,18 - 29,west
Female,1,1,1,1,1,1,1,1,0,1,0,0,0,0,1,0,0,0,0,0,0,0,0,0,0,0,0,0,0,0,white,30 - 49,south
Male,1,1,0,0,1,0,0,0,1,0,0,0,0,0,1,0,0,0,0,0,0,0,0,1,0,0,0,0,0,0,white,30 - 49,west
Female,1,1,1,0,1,0,1,1,1,0,1,0,0,1,1,0,1,0,0,1,0,0,1,0,1,0,0,0,1,0,hispanic,30 - 49,west
Male,1,1,1,1,1,1,1,1,1,1,1,1,1,0,1,0,1,1,1,0,1,1,1,1,1,1,1,1,1,1,hispanic,18 - 29,west
Male,1,1,1,1,NA,1,1,1,1,1,1,0,0,0,0,0,1,0,0,0,0,0,0,0,0,0,1,1,0,0,hispanic,30 - 49,west
Female,0,1,1,1,1,1,0,1,0,0,0,0,0,1,0,1,1,0,0,0,0,1,1,0,0,0,0,1,0,0,white,18 - 29,northeast
Male,1,1,1,1,1,1,1,1,1,1,1,0,1,1,1,1,0,0,1,1,1,1,1,0,0,0,0,1,0,1,hispanic,30 - 49,west
Male,1,1,1,0,1,0,0,1,1,0,0,0,0,0,1,0,0,0,0,0,1,0,0,0,0,0,0,0,0,0,black,30 - 49,south
Female,0,1,1,0,1,0,1,1,1,1,0,1,1,1,1,1,1,0,0,0,0,0,1,1,0,0,1,1,0,0,hispanic,30 - 49,south
Male,1,1,1,1,1,1,1,0,0,1,1,0,0,1,0,0,1,0,1,0,1,1,0,0,1,1,1,0,0,1,hispanic,30 - 49,west
Male,1,1,1,0,1,0,0,1,1,0,0,1,0,0,1,1,0,0,1,0,0,0,1,1,0,0,0,0,0,0,white,18 - 29,south
Male,0,1,1,1,1,1,0,1,0,0,0,1,1,0,0,1,1,0,1,0,0,0,1,0,0,0,0,1,0,0,white,30 - 49,northeast
Male,1,1,1,0,1,1,0,1,1,0,0,0,0,0,1,1,0,0,1,1,1,0,0,1,1,0,0,1,1,0,black,18 - 29,midwest
Male,1,1,1,1,1,1,1,1,1,1,1,0,0,0,1,0,0,0,0,0,1,1,0,0,1,1,0,1,1,1,hispanic,30 - 49,south
Male,1,1,1,1,1,1,1,1,1,1,1,0,0,0,0,NA,1,0,NA,0,1,0,0,0,0,NA,0,0,0,0,hispanic,18 - 29,midwest
Male,1,1,1,0,1,0,0,1,1,0,0,0,0,0,1,0,0,0,0,0,0,0,0,0,0,0,0,0,0,0,white,30 - 49,midwest
Female,0,0,1,0,1,0,1,0,0,1,0,0,1,0,0,0,1,0,0,0,0,0,1,0,0,0,1,0,0,0,white,50 - 64,west
Male,1,1,1,0,1,1,1,0,0,1,0,1,1,0,0,0,0,1,0,0,1,1,1,0,1,0,0,1,1,0,hispanic,18 - 29,midwest
Male,1,1,1,1,1,1,0,1,1,1,0,1,0,0,0,0,0,0,0,0,0,0,0,0,0,0,0,0,0,0,hispanic,50 - 64,west
Male,1,1,1,0,1,0,1,0,1,1,0,0,1,0,0,1,0,0,1,0,0,0,0,1,1,1,0,1,0,0,hispanic,30 - 49,west
Female,0,0,0,0,1,0,0,0,1,0,0,0,0,0,0,1,1,0,1,0,1,0,0,1,1,1,0,1,1,0,white,30 - 49,west
Male,1,1,1,1,1,1,1,1,1,0,0,1,1,0,1,0,0,NA,0,0,0,0,0,1,0,0,0,0,1,0,white,30 - 49,northeast
Female,1,1,1,1,1,1,1,1,1,1,0,0,0,0,0,0,0,1,1,1,1,1,0,0,0,0,0,1,0,0,hispanic,30 - 49,west
Female,1,1,1,0,1,1,0,1,0,0,0,1,0,1,1,1,1,1,1,1,1,0,1,1,1,1,0,0,1,0,other,50 - 64,northeast
Male,1,1,1,0,1,1,1,1,1,1,0,0,0,1,1,0,1,0,0,0,0,0,1,0,1,1,1,0,1,0,black,18 - 29,west
Male,1,1,1,1,1,0,1,1,1,1,0,0,1,1,0,0,0,0,0,1,0,1,1,0,0,0,0,0,0,0,white,18 - 29,south
Female,1,1,1,1,1,1,1,1,1,1,0,0,0,1,0,0,1,0,0,0,0,0,1,0,0,0,0,1,0,0,hispanic,30 - 49,west
Male,1,0,0,0,1,1,0,0,1,0,1,1,0,1,1,1,0,0,0,0,1,0,1,1,1,1,0,1,1,1,white,30 - 49,west
Male,1,0,1,0,1,0,1,1,1,0,1,0,0,1,1,1,0,0,0,1,0,0,1,0,0,1,0,0,1,0,white,30 - 49,northeast
Male,1,1,1,0,1,0,0,0,1,0,0,0,0,0,1,1,0,0,1,0,0,0,0,0,0,0,0,0,0,0,white,30 - 49,south
Male,0,0,1,0,1,0,1,1,0,0,0,1,0,0,0,0,0,0,0,0,1,1,1,0,0,1,0,0,0,0,white,50 - 64,midwest
Male,1,1,1,1,1,1,1,1,1,1,1,1,0,1,0,1,0,0,0,1,0,1,0,0,1,0,1,1,1,0,hispanic,30 - 49,west
Male,1,1,1,1,1,0,1,1,1,1,0,0,1,0,1,0,0,0,0,0,0,0,1,0,0,0,1,0,0,0,white,18 - 29,west
Male,1,1,1,1,NA,1,0,1,1,1,1,1,0,0,0,0,0,0,0,0,1,1,1,0,1,1,0,NA,1,1,hispanic,30 - 49,south
Female,0,1,1,0,1,0,1,0,1,1,1,0,1,0,1,1,0,0,0,0,0,0,0,0,0,0,0,0,1,0,white,18 - 29,midwest
Male,1,1,1,0,1,0,0,1,1,0,0,0,0,0,1,0,0,0,0,0,0,1,0,1,0,0,0,1,1,0,white,30 - 49,northeast
Male,0,1,1,0,1,0,1,1,1,1,0,1,1,1,1,1,1,0,1,1,1,1,1,0,0,1,1,1,0,1,white,50 - 64,south
Male,1,1,1,0,1,1,0,0,0,0,0,0,0,1,0,1,1,1,0,0,0,0,0,1,0,0,1,1,0,0,black,30 - 49,south
Male,1,1,1,1,1,1,1,1,1,1,1,NA,1,1,1,1,1,1,1,1,1,1,1,1,1,1,1,1,1,1,white,30 - 49,midwest
Female,1,1,1,1,1,1,0,1,0,0,0,1,0,0,1,1,0,0,1,0,0,1,0,1,1,0,0,0,1,0,hispanic,30 - 49,south
Male,1,1,1,1,0,1,0,0,1,0,0,0,1,NA,0,0,0,0,0,0,0,0,0,0,0,0,0,0,0,0,white,18 - 29,south
Male,1,1,1,1,1,1,1,1,1,0,0,1,0,0,0,1,0,0,0,0,0,0,0,1,0,1,0,0,1,0,white,18 - 29,west
Female,1,1,0,0,1,0,1,0,1,1,0,1,0,0,1,1,0,1,0,0,1,0,1,1,0,1,0,0,0,0,white,18 - 29,south
Male,1,1,1,0,1,0,0,0,1,0,0,0,0,0,0,1,0,0,0,1,0,0,0,1,0,1,0,0,0,0,white,30 - 49,south
Male,1,1,1,1,1,1,1,1,1,1,1,1,0,0,1,0,1,1,1,0,1,1,0,1,0,1,1,0,0,1,hispanic,30 - 49,south
Female,1,1,0,0,1,0,0,0,1,0,1,1,0,0,1,1,0,0,0,1,0,1,1,1,1,1,0,1,1,0,white,30 - 49,south
Male,1,1,1,0,1,1,0,1,1,0,0,1,0,0,1,1,0,0,0,0,1,0,1,1,0,0,0,1,0,0,asian,30 - 49,northeast
Male,1,1,1,0,1,1,1,0,0,1,0,1,1,0,1,0,1,1,1,1,0,0,0,0,1,0,0,0,0,0,hispanic,30 - 49,west
Male,1,0,1,0,1,0,0,1,1,0,1,0,0,0,1,0,0,0,0,1,0,0,0,1,1,1,0,0,1,0,white,30 - 49,south
Male,1,1,1,1,1,1,1,1,1,1,1,0,0,0,0,0,0,0,1,0,0,0,0,0,0,0,0,0,0,0,hispanic,30 - 49,south
Male,1,1,1,1,1,1,1,1,1,1,1,0,0,0,0,0,0,0,0,0,0,0,0,0,0,0,0,0,1,0,hispanic,30 - 49,midwest
Female,1,1,1,0,1,1,0,1,1,0,0,1,0,0,1,1,0,0,0,0,0,0,0,0,0,0,0,1,0,0,asian,18 - 29,northeast
Male,1,0,1,0,1,0,0,0,1,0,0,0,0,0,1,0,0,0,0,0,0,0,0,0,0,0,0,0,0,0,white,30 - 49,south
Male,1,1,1,1,1,1,1,1,1,1,1,1,1,0,1,0,0,0,1,1,1,0,1,1,1,0,1,0,1,1,hispanic,30 - 49,south
Male,1,0,0,0,1,1,1,1,1,1,1,0,0,0,1,1,0,0,0,0,0,0,0,0,0,1,0,0,0,0,white,30 - 49,midwest
Female,0,0,0,0,1,0,1,0,1,0,0,0,0,0,1,1,0,0,1,0,0,1,0,1,0,0,0,0,1,0,white,18 - 29,south
Male,1,1,1,1,1,1,0,0,0,NA,0,1,0,0,0,0,0,0,0,0,1,1,1,0,0,0,0,1,0,0,hispanic,30 - 49,midwest
Male,1,1,1,0,1,0,0,0,1,0,1,0,0,0,1,1,0,0,0,1,1,0,0,0,1,0,0,0,0,0,white,30 - 49,west
Male,1,1,1,1,1,1,1,1,1,1,1,0,1,1,1,1,0,0,1,1,0,1,0,0,1,0,1,1,0,0,hispanic,30 - 49,west
Male,1,1,1,1,1,1,1,1,1,1,1,1,0,1,1,1,1,1,1,1,1,1,0,1,1,0,1,1,1,1,hispanic,18 - 29,west
Male,1,1,1,1,1,1,1,1,1,1,1,0,0,0,0,0,0,0,0,0,0,0,0,0,0,0,0,0,0,0,hispanic,30 - 49,south
Female,0,0,1,0,1,0,1,0,0,0,1,0,0,0,0,0,0,0,0,0,0,0,0,1,1,0,0,0,1,0,white,30 - 49,south
Female,1,1,1,1,1,1,1,1,1,1,0,1,0,1,0,1,1,0,1,0,0,1,1,0,1,0,0,0,0,0,asian,18 - 29,northeast
Male,0,1,0,1,1,0,0,1,1,0,0,1,1,1,0,1,0,1,1,1,1,0,1,1,0,1,0,1,0,0,white,30 - 49,south
Female,1,1,1,0,1,0,1,1,1,0,0,0,0,0,1,1,0,0,1,0,1,0,1,0,0,1,0,1,0,1,asian,30 - 49,midwest
Female,0,1,1,0,1,0,0,1,0,0,0,1,1,0,1,1,1,1,1,0,1,0,1,0,1,1,1,1,1,0,black,30 - 49,south
Male,1,1,1,0,1,1,0,1,1,0,0,0,0,0,0,0,1,0,0,1,0,0,1,0,0,0,0,0,0,0,asian,30 - 49,midwest
Female,1,1,1,1,1,0,1,1,1,0,1,0,0,1,0,1,1,0,1,0,0,0,0,0,1,1,1,0,1,0,white,50 - 64,south
Male,1,1,1,NA,1,1,NA,0,0,1,0,1,1,0,1,1,1,0,0,0,1,0,0,1,0,0,0,0,0,0,hispanic,30 - 49,south
Male,1,1,1,1,1,1,1,1,1,1,0,0,0,0,0,0,1,0,0,1,0,1,1,1,0,1,1,0,0,0,white,18 - 29,west
Male,1,1,1,1,1,0,0,1,1,1,0,1,0,0,1,0,1,0,1,0,0,0,1,1,1,0,0,0,0,0,hispanic,30 - 49,west
Female,1,0,1,0,1,0,1,0,1,0,0,0,0,0,0,0,0,0,0,0,0,0,0,1,0,1,0,0,1,0,white,50 - 64,west
Female,1,1,1,1,1,0,1,0,1,1,0,1,0,1,1,1,1,1,0,0,1,1,1,1,1,1,0,0,1,0,black,30 - 49,south
Male,1,1,1,1,1,1,1,0,0,0,0,0,1,1,0,0,0,0,1,0,1,1,1,0,1,1,0,1,0,0,white,30 - 49,west
Male,1,1,1,1,1,1,NA,0,1,1,0,0,0,0,0,0,0,1,1,0,1,1,0,0,1,0,1,1,0,0,hispanic,30 - 49,south
Male,1,1,1,0,1,1,0,1,0,0,0,0,1,1,1,1,1,1,1,1,0,1,1,1,1,1,1,1,0,0,white,65 +,south
Male,1,1,1,1,1,1,1,1,1,1,1,1,0,1,1,0,0,0,1,0,0,1,0,1,1,1,1,1,1,0,hispanic,18 - 29,midwest
Female,1,1,1,1,1,1,1,1,1,1,0,1,1,0,1,1,0,0,1,0,0,1,1,0,0,0,0,0,1,0,hispanic,30 - 49,northeast
Male,1,1,1,1,1,1,0,1,1,1,0,0,1,0,0,0,0,0,0,0,0,1,0,0,0,0,0,0,0,0,white,18 - 29,west
Male,1,1,1,0,1,1,1,0,0,1,0,0,0,0,1,1,0,0,0,0,0,0,1,0,0,1,0,0,0,0,black,30 - 49,northeast
Male,1,1,1,1,1,1,1,1,1,1,1,1,1,1,0,0,1,0,0,0,0,1,1,1,0,0,0,0,1,1,hispanic,30 - 49,midwest
Male,1,1,1,1,1,1,1,1,1,1,0,1,0,1,1,1,0,0,0,0,0,1,1,1,0,1,0,0,0,0,white,18 - 29,south
Female,1,1,1,NA,1,1,1,1,1,1,0,1,0,1,0,0,0,1,1,0,1,0,0,1,1,0,1,0,0,1,hispanic,65 +,west
Male,0,1,1,0,1,1,0,1,1,0,0,1,0,1,1,1,0,1,1,0,0,0,1,0,1,1,1,0,1,1,black,30 - 49,south
Female,1,1,1,1,1,1,1,1,1,1,0,1,1,1,1,1,1,1,1,1,1,1,1,1,1,NA,1,1,1,1,black,30 - 49,west
Male,1,1,1,1,NA,1,1,1,1,1,1,0,0,0,0,0,0,0,0,1,0,0,0,0,0,0,0,0,0,0,hispanic,30 - 49,west
Male,0,0,1,1,1,1,0,1,1,1,0,0,0,1,1,0,1,0,1,0,0,0,1,0,0,0,0,0,1,1,hispanic,30 - 49,west
Male,NA,1,1,1,1,1,1,NA,1,1,1,1,0,0,0,1,0,0,1,1,NA,1,1,1,1,0,1,0,0,1,hispanic,30 - 49,west
Male,1,1,1,1,1,1,1,1,1,1,1,0,0,0,0,1,0,0,0,1,1,0,0,1,0,0,0,0,0,0,hispanic,30 - 49,west
Male,1,1,1,1,1,1,1,0,1,1,0,1,0,0,1,1,0,0,1,1,1,0,1,1,0,0,1,1,1,0,hispanic,30 - 49,midwest
Male,1,1,1,1,1,1,1,1,1,1,0,1,0,1,1,1,1,0,1,0,0,0,0,1,1,1,1,1,1,1,white,30 - 49,midwest
Male,1,1,1,1,1,1,1,1,1,1,1,0,0,0,0,1,0,0,0,0,0,0,0,0,0,0,0,0,0,0,white,30 - 49,midwest
Male,1,1,1,1,1,1,1,1,1,1,1,0,0,0,0,0,0,0,0,0,0,0,0,0,0,0,0,0,0,0,hispanic,30 - 49,west
Female,1,1,1,1,1,1,1,1,1,1,1,1,0,1,0,1,0,0,1,0,0,0,1,0,1,1,1,0,0,1,hispanic,30 - 49,south
Male,1,1,1,1,1,1,1,1,1,1,1,1,1,1,1,1,1,1,0,1,0,1,0,1,1,1,1,0,1,1,hispanic,30 - 49,west
Male,1,1,1,0,1,1,0,1,1,0,1,1,0,1,1,1,1,1,1,0,1,0,1,1,1,1,0,0,1,1,white,30 - 49,south
Female,0,1,1,0,1,1,1,1,0,0,0,1,0,0,1,0,0,0,0,0,0,0,1,1,0,0,0,0,1,0,hispanic,50 - 64,south
Male,1,1,1,1,1,0,1,1,1,1,0,0,0,0,1,1,0,0,1,1,1,0,0,1,0,0,0,1,1,1,white,30 - 49,midwest
Female,1,1,1,1,1,0,1,1,1,1,0,1,0,0,1,1,0,0,1,0,0,0,1,0,0,1,0,1,1,0,white,30 - 49,south
Female,1,1,1,0,1,0,1,0,1,0,0,0,0,0,0,0,0,0,0,0,0,0,0,1,0,1,0,0,0,0,white,30 - 49,midwest
Male,0,0,0,0,1,0,0,0,1,0,0,0,0,0,1,1,0,0,0,0,0,0,0,1,0,1,0,1,1,0,white,30 - 49,west
Male,1,1,1,1,1,1,0,1,1,1,0,1,1,1,0,0,1,0,0,0,0,0,1,1,0,1,1,0,0,0,black,18 - 29,west
Male,1,1,1,1,1,1,1,1,0,1,0,0,0,0,1,1,0,0,0,0,0,0,1,1,0,0,1,1,0,0,white,30 - 49,northeast
Male,1,1,1,0,1,0,1,1,1,0,0,1,0,1,0,0,1,0,1,0,0,1,1,0,1,1,0,0,1,0,black,50 - 64,midwest
Female,1,1,NA,0,1,1,NA,1,0,1,0,0,0,1,0,1,1,1,0,0,1,1,0,0,0,1,1,1,0,0,hispanic,50 - 64,west
Male,1,1,1,1,1,1,0,1,1,0,0,1,0,0,1,1,0,1,0,0,0,0,1,0,0,0,0,0,0,0,white,18 - 29,south
Male,1,1,1,0,1,0,0,1,1,1,0,0,0,1,1,1,0,0,0,0,0,0,0,1,0,0,0,0,0,0,white,30 - 49,south
Male,0,0,0,0,1,0,0,0,1,0,0,0,1,1,0,0,0,0,0,0,0,1,0,0,0,0,0,0,0,0,white,30 - 49,west
Female,0,1,1,0,1,0,1,1,1,0,1,0,0,0,1,0,0,0,0,0,0,0,0,0,0,0,0,0,0,0,white,30 - 49,west
Female,1,1,1,1,1,1,1,1,1,1,1,0,0,0,1,1,0,0,1,0,0,0,0,1,0,0,0,0,1,0,white,30 - 49,west
Female,0,1,1,1,1,1,1,1,1,1,0,0,0,0,1,1,0,0,1,0,0,0,1,1,1,0,0,0,1,0,other,18 - 29,northeast
Male,1,0,1,0,1,0,0,1,1,0,0,0,0,0,1,0,0,0,0,0,0,1,0,0,0,1,0,0,0,0,white,50 - 64,northeast
Female,0,1,1,0,1,1,0,0,1,0,0,1,0,1,1,1,1,0,1,0,1,0,1,0,0,1,0,0,1,0,white,50 - 64,south
Male,1,1,1,1,1,1,0,0,0,0,0,0,0,0,0,1,1,0,0,0,1,1,1,1,0,0,1,1,0,0,white,30 - 49,northeast
Male,1,1,1,1,1,1,1,1,1,0,0,1,0,1,1,0,0,1,1,0,1,0,0,1,0,1,1,0,1,0,hispanic,30 - 49,west
Male,1,1,1,1,1,0,0,1,1,1,0,0,1,1,1,1,1,0,1,1,1,0,1,0,1,0,0,1,0,0,white,30 - 49,south
Male,1,1,1,0,1,1,1,1,1,0,0,0,1,0,1,1,0,1,1,1,0,0,1,0,0,0,1,1,0,0,white,30 - 49,west
Female,1,1,1,1,1,1,1,1,1,0,0,0,0,0,0,1,0,0,0,1,1,0,0,0,0,1,0,1,0,0,hispanic,30 - 49,midwest
Male,1,1,1,1,1,1,1,1,1,1,0,1,0,0,0,0,0,0,1,0,0,0,1,1,0,0,0,0,0,0,white,18 - 29,northeast
Male,1,1,1,0,1,0,0,0,0,0,1,0,0,0,1,1,0,0,0,0,0,0,0,1,1,0,0,1,1,0,white,65 +,west
Female,1,1,1,0,1,0,1,0,1,0,1,1,0,1,1,1,1,0,1,1,1,1,1,0,0,1,1,0,1,0,white,50 - 64,south
Male,1,1,1,1,1,1,1,1,1,1,1,1,1,0,0,0,1,1,0,1,0,0,0,1,1,1,1,1,0,0,hispanic,30 - 49,midwest
Male,1,1,1,1,1,1,1,1,1,0,0,0,0,0,0,1,0,0,1,0,0,1,1,1,0,1,0,1,0,0,hispanic,30 - 49,west
Male,1,1,1,1,1,1,1,1,0,0,0,0,0,0,1,0,1,0,0,0,0,0,1,0,1,0,1,1,0,1,white,18 - 29,northeast
Male,1,1,1,0,1,0,0,1,1,0,0,1,0,1,1,0,1,0,1,0,1,0,1,0,0,0,1,0,0,0,white,30 - 49,south
Male,1,1,1,1,1,1,1,1,1,1,1,1,0,0,0,0,1,0,0,1,1,1,1,1,1,0,0,0,1,1,hispanic,30 - 49,west
Female,1,1,1,0,1,0,1,0,1,1,0,1,1,1,1,1,1,0,1,0,1,1,1,0,0,1,1,0,0,0,white,65 +,northeast
Male,1,1,1,1,1,0,1,0,1,0,0,1,0,0,1,1,0,0,0,0,0,0,1,0,0,1,0,1,0,0,white,30 - 49,west
Female,1,1,1,0,1,1,1,1,1,1,0,1,0,1,0,1,0,0,0,0,0,0,0,0,0,0,0,0,1,1,white,18 - 29,northeast
Female,0,0,0,0,1,0,0,0,1,0,0,1,0,0,1,1,0,0,0,1,0,1,1,1,0,1,0,1,1,0,white,50 - 64,west
Female,1,1,1,1,1,1,1,0,1,1,NA,1,0,0,0,NA,1,1,0,0,1,0,1,0,0,1,1,0,0,0,hispanic,30 - 49,south
Male,1,1,1,1,1,1,1,1,1,1,1,1,0,0,1,0,0,1,0,0,1,1,0,0,0,0,1,1,1,1,hispanic,30 - 49,west
Male,1,1,1,1,1,1,NA,1,1,1,1,1,1,0,0,1,1,0,0,1,0,0,1,1,0,0,0,1,1,0,white,30 - 49,northeast
Female,1,1,1,1,1,1,1,1,1,1,1,1,0,1,1,1,1,0,1,0,1,0,1,0,1,1,1,0,0,1,white,30 - 49,south
Male,1,1,1,1,1,1,1,1,1,1,0,0,0,0,1,1,0,0,1,1,1,1,0,1,0,0,0,1,0,0,white,50 - 64,west
Female,NA,1,1,1,1,1,1,0,1,0,0,1,1,0,1,0,1,0,0,0,0,1,1,0,0,0,0,1,0,0,white,30 - 49,northeast
Male,1,1,1,1,1,1,1,1,1,1,0,1,0,1,0,1,0,0,0,0,0,1,1,1,0,1,1,1,1,0,hispanic,30 - 49,midwest
Male,1,1,1,1,1,1,0,1,0,1,0,1,0,0,0,0,1,0,0,1,1,1,0,1,0,0,0,0,0,1,hispanic,30 - 49,south
Female,1,1,1,1,1,1,NA,1,1,1,1,NA,0,0,0,0,NA,0,0,0,0,0,0,0,0,NA,NA,0,0,0,hispanic,30 - 49,west
Male,1,1,1,0,1,0,1,1,1,0,1,1,0,0,1,1,0,0,0,1,1,0,0,1,0,1,0,1,0,0,white,30 - 49,midwest
Female,1,1,1,1,1,0,1,1,1,0,0,0,0,0,1,1,0,0,0,0,0,0,0,1,0,0,0,0,1,0,asian,18 - 29,midwest
Male,1,1,1,1,1,1,1,1,0,1,0,1,0,1,1,1,1,0,1,0,0,0,0,1,0,0,1,1,0,0,black,30 - 49,south
Male,1,1,0,1,0,1,0,1,0,1,1,1,1,1,0,1,1,0,1,0,1,0,0,1,1,0,0,1,0,0,white,50 - 64,west
Female,0,1,0,0,1,0,1,0,1,0,0,1,1,0,1,1,0,0,0,1,0,0,1,1,0,1,0,1,1,0,white,30 - 49,south
Female,1,1,1,1,1,1,0,1,0,0,1,1,1,1,1,0,1,0,0,0,0,0,1,0,0,1,1,0,0,0,hispanic,30 - 49,northeast
Male,1,1,1,1,1,1,0,0,1,1,0,0,0,0,0,0,1,0,0,0,1,0,0,0,0,0,1,0,0,0,hispanic,30 - 49,south
Male,1,1,1,1,1,1,1,1,1,1,1,0,0,0,0,0,1,0,0,0,0,0,0,0,0,0,0,0,0,1,white,30 - 49,midwest
Male,1,1,1,1,1,1,1,1,1,1,1,0,0,0,1,0,0,0,0,0,1,0,0,0,0,0,0,0,0,1,hispanic,18 - 29,west
Female,1,1,1,0,1,0,0,0,1,0,0,1,0,1,1,1,1,0,1,1,1,1,1,0,1,1,0,1,1,1,hispanic,30 - 49,midwest
Female,1,1,1,0,1,0,1,1,1,1,1,1,1,1,1,1,1,1,1,0,0,1,1,0,1,0,0,0,1,0,asian,50 - 64,west
Female,1,1,1,1,1,1,0,0,1,1,1,0,0,1,0,0,1,1,1,1,1,0,1,0,1,0,0,1,0,0,white,30 - 49,south
Male,1,1,1,1,1,1,0,1,1,0,0,1,0,0,1,1,0,0,1,0,0,0,0,1,1,1,0,1,1,0,white,18 - 29,northeast
Male,1,1,1,1,1,1,NA,1,1,1,1,1,0,1,1,1,1,1,1,1,1,0,1,1,1,1,1,0,1,1,hispanic,50 - 64,midwest
Male,1,1,1,1,1,1,1,1,1,1,1,1,0,1,0,0,1,0,0,0,0,0,0,0,0,0,0,0,0,0,hispanic,30 - 49,south
Male,1,1,1,1,1,1,1,1,1,1,1,0,0,0,0,0,0,1,0,0,0,0,0,0,0,0,0,0,0,0,hispanic,30 - 49,west
Male,1,0,1,0,1,0,0,0,1,0,0,1,1,1,0,1,0,1,0,0,0,0,1,0,0,0,0,0,0,0,white,30 - 49,northeast
Female,1,1,1,0,1,0,1,0,1,0,1,0,0,1,1,0,1,0,0,0,0,1,0,0,0,0,0,0,0,0,white,30 - 49,south
Male,1,1,1,1,1,1,1,1,1,0,1,0,1,0,0,1,1,1,0,1,1,1,1,0,1,0,0,0,1,1,hispanic,30 - 49,midwest
Male,1,1,1,1,1,1,1,1,1,1,0,1,1,0,0,1,1,1,0,0,1,0,1,0,1,0,1,1,1,1,white,30 - 49,south
Male,1,1,1,1,1,1,1,1,1,1,1,0,0,0,0,0,0,0,0,1,0,0,0,0,0,0,1,0,0,0,white,30 - 49,midwest
Female,1,1,1,0,1,1,0,1,0,1,0,0,1,0,1,1,0,0,0,0,0,0,0,0,0,0,0,0,0,0,white,30 - 49,west
Male,1,0,1,0,1,0,0,0,0,0,0,0,0,1,0,0,1,0,1,0,1,1,1,0,0,0,1,0,0,0,white,30 - 49,south
Male,0,0,0,0,1,0,1,0,1,0,0,1,1,0,0,1,0,0,0,0,0,0,1,0,1,1,0,0,0,0,white,30 - 49,south
Female,1,1,1,0,1,1,1,0,0,0,0,1,1,1,1,1,1,1,1,1,1,1,1,0,1,1,1,1,1,0,white,30 - 49,northeast
Female,1,1,1,0,1,0,1,1,1,1,1,0,0,0,1,0,1,0,0,0,0,1,0,1,0,0,0,0,0,0,white,50 - 64,midwest
Male,1,1,1,0,1,0,1,1,1,1,0,1,0,1,1,1,1,0,0,1,1,0,0,0,0,0,1,0,0,0,white,30 - 49,northeast
Female,1,1,1,0,1,0,1,0,1,1,0,1,0,0,1,1,0,0,0,0,1,0,0,0,0,1,0,1,0,0,asian,18 - 29,west
Female,0,0,1,0,1,1,1,1,1,0,0,1,0,0,1,1,0,0,0,0,0,0,0,1,0,1,0,1,0,0,white,30 - 49,northeast
Female,1,0,1,0,1,0,1,1,0,0,1,1,0,0,1,1,0,0,0,1,0,0,0,1,1,1,0,1,1,0,black,30 - 49,west
Female,0,0,1,0,1,1,0,1,0,0,1,0,0,0,1,1,0,0,0,0,1,0,0,1,0,0,0,1,1,0,asian,30 - 49,midwest
Female,1,1,1,0,1,1,1,1,1,1,1,1,0,0,1,1,0,0,1,1,0,0,0,1,1,0,0,1,1,0,white,30 - 49,south
Female,1,1,1,0,1,0,0,1,1,1,1,1,0,1,0,0,1,0,1,0,1,1,1,0,1,1,0,0,1,0,asian,50 - 64,west
Female,1,1,1,0,1,0,1,0,1,1,0,1,0,0,1,1,0,0,0,0,0,0,1,0,0,0,0,0,1,1,white,30 - 49,midwest
Male,1,1,1,0,1,0,0,0,1,0,0,0,0,0,1,1,0,0,1,1,1,0,0,1,0,0,0,0,1,0,white,30 - 49,south
Male,1,1,1,1,1,1,1,1,1,1,1,0,0,0,0,1,1,1,0,0,0,0,0,0,1,0,0,0,1,0,white,30 - 49,west
Male,1,0,1,0,1,0,0,0,1,0,0,1,0,1,0,1,1,0,0,0,0,0,0,0,0,0,0,0,0,0,white,18 - 29,south
Male,1,1,0,1,1,1,0,1,1,0,0,0,0,0,1,1,0,0,0,0,0,0,0,1,1,1,0,0,0,0,white,30 - 49,northeast
Male,1,1,1,1,1,0,0,1,1,0,0,1,0,0,1,1,0,0,0,0,0,0,1,1,1,1,0,0,1,0,white,30 - 49,south
Male,1,1,0,0,1,0,0,0,1,0,0,0,0,0,1,0,0,0,0,0,0,0,0,1,0,0,0,0,0,0,asian,30 - 49,south
Male,1,1,1,1,1,1,1,1,1,0,0,0,0,0,1,0,0,1,1,0,1,0,1,0,0,0,1,0,1,1,black,18 - 29,west
Female,0,0,1,1,1,0,0,0,1,0,0,1,0,0,1,1,0,0,1,0,1,0,0,0,0,0,0,0,0,0,white,30 - 49,midwest
Male,1,1,1,1,1,0,1,1,0,0,0,1,0,0,0,0,0,0,0,0,0,1,1,0,0,0,0,0,0,0,white,30 - 49,northeast
Female,1,1,1,0,1,0,1,0,1,0,0,1,0,1,1,1,1,0,1,0,1,1,1,1,0,1,0,1,1,0,white,30 - 49,south
Female,1,1,1,0,1,0,1,0,1,0,1,NA,0,1,1,1,1,0,1,1,1,0,1,1,1,1,0,0,0,0,white,65 +,south
Male,1,1,1,1,1,1,0,0,0,1,0,0,0,0,1,1,0,0,0,0,0,0,1,1,0,1,0,0,0,1,hispanic,50 - 64,midwest
Male,0,1,1,1,1,0,0,0,0,0,0,1,1,1,0,1,1,1,1,1,1,1,1,1,1,1,1,1,1,1,white,18 - 29,south
Male,1,0,1,0,1,0,0,0,0,0,0,0,1,0,0,0,0,0,0,0,0,1,0,0,0,0,0,0,0,0,white,30 - 49,west
Male,1,1,1,1,1,1,1,1,1,1,1,0,0,1,0,0,1,0,0,0,0,0,0,0,0,0,1,0,0,0,white,30 - 49,northeast
Male,1,1,1,1,NA,1,1,1,NA,1,0,0,0,0,0,1,1,0,0,NA,1,0,1,1,0,1,0,0,1,0,white,50 - 64,south
Female,1,1,1,1,1,0,1,0,1,1,1,0,0,0,0,1,0,0,0,1,1,0,0,1,0,0,0,1,1,0,white,50 - 64,west
Male,1,1,1,0,1,1,0,0,1,0,0,0,0,0,1,1,0,0,0,0,0,0,1,1,0,0,0,0,0,0,white,30 - 49,south
Female,1,1,1,1,1,1,1,1,1,1,0,0,0,0,1,0,0,0,0,0,0,0,0,1,0,0,0,0,1,0,white,30 - 49,south
Male,1,1,1,0,1,1,1,0,0,0,0,0,0,0,0,0,1,0,1,0,0,0,1,0,0,0,1,0,0,1,white,30 - 49,south
Male,1,1,1,0,1,1,0,0,0,0,0,1,0,0,0,1,1,0,1,0,0,0,1,0,0,1,1,1,0,0,black,18 - 29,midwest
Male,1,1,1,1,1,1,0,1,1,1,0,1,0,0,0,1,1,0,1,1,1,0,1,0,0,1,1,0,0,0,other,30 - 49,south
Female,1,1,1,1,1,1,0,1,0,0,1,1,1,1,1,1,1,1,1,1,1,1,1,1,1,1,1,1,1,1,white,65 +,west
Male,1,0,1,1,1,0,1,0,1,1,0,0,0,0,1,1,0,0,0,0,1,0,0,1,0,0,0,1,0,0,white,30 - 49,midwest
Female,0,0,1,0,1,0,1,1,1,0,0,1,1,0,0,0,0,0,0,0,1,1,1,0,0,0,0,0,0,0,other,30 - 49,midwest
Male,1,0,0,0,1,0,1,1,1,0,0,1,1,0,0,0,0,1,0,1,0,0,1,0,0,0,0,0,0,0,white,50 - 64,south
Male,1,1,1,1,1,1,1,1,1,1,1,0,0,0,1,0,1,0,0,0,0,0,1,0,1,0,1,0,0,0,hispanic,30 - 49,west
Female,0,1,1,NA,1,0,1,NA,1,NA,0,1,1,1,0,1,1,0,0,1,1,1,1,0,0,0,1,1,0,1,other,50 - 64,west
Male,0,1,1,1,1,0,1,1,1,0,1,1,0,0,1,0,1,0,1,0,0,0,1,1,0,0,0,0,1,1,white,30 - 49,south
Male,1,1,1,0,1,0,0,1,1,0,0,1,0,1,0,0,0,0,0,0,0,0,1,0,0,0,0,0,0,0,white,30 - 49,west
Male,1,1,1,1,1,1,1,1,1,1,1,0,1,0,1,1,0,0,0,0,1,1,0,0,1,0,0,0,0,1,hispanic,30 - 49,midwest
Female,1,1,1,0,1,0,1,0,1,0,0,1,1,1,1,1,0,0,0,0,0,0,1,0,0,1,0,0,0,0,white,30 - 49,northeast
Female,0,1,1,0,1,0,0,1,1,1,1,0,0,0,0,0,0,0,0,0,0,0,0,0,0,0,0,0,0,0,white,50 - 64,northeast
Male,1,1,1,1,1,NA,1,1,0,1,1,0,1,0,0,0,0,0,0,0,0,0,1,0,0,0,0,0,1,0,hispanic,30 - 49,south
Male,1,1,1,1,1,1,1,1,1,1,1,0,1,0,0,1,0,1,0,0,1,NA,0,1,0,1,0,1,1,0,hispanic,30 - 49,west
Female,1,1,1,1,1,1,1,1,1,1,0,1,0,0,1,1,0,0,1,0,0,0,0,1,0,0,0,1,0,0,asian,18 - 29,midwest
Male,0,0,1,0,1,0,0,0,0,0,0,1,0,1,1,1,1,0,1,1,1,0,1,1,0,1,1,1,1,1,black,30 - 49,midwest
Female,1,1,1,0,1,0,1,1,0,0,1,0,0,0,0,0,0,0,1,0,0,0,1,0,0,1,0,0,1,0,white,30 - 49,south
Female,1,1,1,1,1,1,1,1,1,1,1,0,1,1,0,1,0,0,1,0,1,0,1,1,0,0,0,1,0,0,white,30 - 49,northeast
Female,1,1,1,0,1,1,1,1,1,1,0,1,0,1,1,0,0,0,0,0,0,1,1,0,1,0,0,0,1,1,asian,30 - 49,west
Female,0,0,0,0,1,1,0,0,0,0,0,1,1,1,1,1,1,1,1,1,1,1,1,1,1,1,1,1,1,1,asian,50 - 64,west
Male,1,1,1,1,1,1,1,1,0,1,1,1,1,1,1,1,0,1,1,1,0,0,1,1,0,1,1,0,0,1,white,50 - 64,west
Male,1,1,0,0,1,1,0,1,0,0,0,0,0,0,1,1,0,0,1,1,0,0,1,0,0,1,0,1,0,0,hispanic,30 - 49,south
Female,1,1,1,1,1,1,1,1,0,1,0,1,0,1,1,1,1,1,1,1,0,1,1,1,1,1,1,1,1,0,white,30 - 49,south
Male,1,1,1,1,1,1,1,1,1,0,0,0,0,0,0,0,0,0,0,0,0,0,0,0,1,0,0,0,1,0,white,30 - 49,northeast
Female,1,1,1,1,1,0,0,0,1,1,0,1,0,1,1,1,1,0,1,0,0,0,1,0,1,1,0,1,1,0,black,18 - 29,west
Male,1,1,1,1,1,1,1,1,1,1,1,0,0,0,1,0,0,0,0,0,0,0,0,0,0,0,0,0,0,0,white,50 - 64,south
Male,1,1,1,1,1,1,1,1,1,1,0,1,1,0,0,0,1,0,1,1,1,1,1,1,1,0,1,1,0,1,hispanic,30 - 49,midwest
Male,1,1,1,1,1,1,0,1,1,0,1,1,1,0,1,0,1,1,0,0,0,0,0,0,0,0,1,0,0,0,hispanic,50 - 64,west
Male,1,1,1,0,1,0,0,1,1,0,0,0,0,0,0,0,1,0,0,0,0,0,0,1,0,0,0,0,0,1,white,30 - 49,midwest
Male,1,0,1,0,1,0,0,1,0,0,0,1,0,1,0,1,1,1,1,1,0,1,0,1,1,1,0,1,1,1,asian,50 - 64,northeast
Male,0,1,1,0,1,0,1,0,1,0,0,1,0,0,0,0,1,0,0,1,0,1,1,0,0,1,0,0,0,0,white,30 - 49,south
Male,1,1,1,1,1,1,1,1,1,1,0,1,0,1,1,1,0,0,1,0,0,0,1,1,1,1,1,0,1,1,hispanic,30 - 49,northeast
Female,1,1,1,0,1,0,1,0,1,1,0,1,0,0,0,1,0,0,1,0,1,0,1,1,1,1,0,1,1,1,white,30 - 49,south
Male,1,1,0,0,1,1,0,1,1,0,0,0,0,0,1,1,0,0,0,1,0,0,0,0,1,1,0,1,1,0,black,18 - 29,south
Male,0,0,0,0,1,0,0,0,0,0,0,0,0,1,1,0,1,0,0,0,1,1,0,0,0,0,1,0,1,0,white,65 +,northeast
Male,1,1,1,0,1,1,1,0,0,1,0,0,0,0,0,0,0,0,0,0,0,0,0,0,0,0,0,0,0,0,black,30 - 49,midwest
Male,1,1,1,1,1,1,1,1,1,0,0,0,0,0,0,0,0,0,0,1,0,0,1,1,0,0,0,1,0,1,hispanic,30 - 49,south
Female,1,1,1,0,1,0,0,0,1,0,0,0,0,1,1,0,0,0,0,0,1,1,0,1,1,0,0,0,1,0,black,30 - 49,northeast
Female,1,0,1,0,1,0,0,1,0,1,0,1,0,0,1,1,1,1,1,1,1,1,1,1,1,0,0,0,1,0,black,50 - 64,south
Male,1,1,1,1,1,1,0,1,1,1,0,1,0,0,0,0,0,0,0,0,0,0,0,0,0,0,0,0,0,0,white,18 - 29,south
Female,1,1,1,1,1,1,1,1,1,1,1,1,1,1,1,1,1,1,1,1,1,1,1,1,1,1,1,1,1,1,black,30 - 49,south
Female,1,1,1,1,1,1,1,1,1,1,0,1,0,1,1,1,1,0,1,1,0,0,1,1,0,1,1,1,0,1,white,30 - 49,midwest
Male,1,1,1,0,1,0,1,0,0,0,0,0,0,0,1,1,0,0,1,1,1,0,0,1,1,1,0,0,1,0,asian,30 - 49,west
Male,1,0,1,0,1,0,0,1,0,0,0,0,1,1,1,0,1,0,0,0,0,1,1,0,0,0,1,0,0,0,white,65 +,northeast
Female,1,1,1,1,1,1,1,1,1,1,1,0,0,0,1,0,0,0,0,0,0,1,1,1,0,0,0,0,1,0,white,30 - 49,west
Female,1,1,1,NA,1,0,1,1,0,0,1,1,0,1,1,1,1,0,1,1,1,1,1,1,1,1,0,0,1,0,white,50 - 64,south
Female,1,1,1,1,1,1,1,1,0,1,1,1,0,1,1,0,1,1,1,1,0,0,0,1,0,1,0,0,0,1,hispanic,18 - 29,south
Male,1,1,1,1,1,1,0,0,0,0,0,0,0,0,1,0,1,1,0,0,0,1,0,0,1,0,0,0,0,1,white,30 - 49,midwest
Male,1,1,1,1,1,1,NA,1,1,1,1,0,1,0,0,0,0,0,0,0,0,1,0,1,1,0,0,0,1,1,hispanic,30 - 49,west
Female,0,0,1,0,1,0,0,1,1,0,0,1,0,1,0,1,1,0,1,1,0,1,0,1,0,1,1,0,1,1,white,50 - 64,northeast
Female,0,1,1,0,1,0,1,1,1,1,1,0,0,0,1,0,1,0,0,0,0,0,0,0,0,0,0,0,0,0,white,50 - 64,west
Female,1,1,1,0,1,0,0,0,0,1,0,0,0,0,1,1,1,0,0,1,1,0,0,0,0,1,0,1,0,0,white,50 - 64,south
Male,0,1,1,0,1,0,1,0,0,0,0,0,0,1,0,1,1,0,0,0,1,1,0,0,0,0,1,0,0,0,other,30 - 49,south
Male,1,1,1,1,1,1,1,1,1,0,1,1,1,1,1,0,1,1,1,0,0,0,1,0,1,1,0,0,0,0,hispanic,30 - 49,south
Male,1,1,1,0,1,0,1,1,1,0,0,1,1,0,0,1,0,1,0,1,0,0,1,0,1,1,0,1,0,0,white,30 - 49,midwest
Male,0,1,1,1,1,1,0,0,1,1,0,0,0,0,0,0,0,0,1,0,0,1,1,0,1,0,0,0,0,0,white,30 - 49,midwest
Female,1,1,1,0,1,0,1,1,1,0,1,1,0,0,1,1,1,0,1,1,1,1,1,0,1,1,0,0,1,0,white,65 +,west
Male,1,1,1,1,1,1,1,1,1,1,0,0,0,0,0,0,0,0,0,0,0,0,0,0,0,0,0,0,0,0,white,30 - 49,northeast
Male,1,1,1,1,1,0,0,0,1,0,0,0,0,1,0,0,0,0,1,1,1,0,1,0,1,1,0,0,0,0,white,18 - 29,midwest
Male,1,1,1,1,1,1,1,1,1,1,1,0,0,0,0,0,0,0,0,0,0,0,0,0,0,0,0,0,0,0,hispanic,30 - 49,west
Female,1,0,1,0,1,0,0,0,0,0,0,1,0,1,1,1,0,0,0,0,1,1,1,1,1,1,0,1,1,1,white,50 - 64,south
Female,1,1,1,0,1,0,1,1,1,1,0,1,0,0,1,1,0,0,1,1,1,1,1,1,1,1,0,1,1,1,white,50 - 64,south
Male,1,1,1,0,1,1,0,0,0,0,0,0,0,0,1,0,0,0,1,1,0,1,0,0,0,0,0,1,1,0,black,30 - 49,midwest
Male,1,1,1,1,1,1,1,1,NA,0,1,1,0,0,1,0,1,1,0,0,0,1,1,1,0,1,0,0,0,0,white,30 - 49,south
Male,1,1,1,1,1,1,1,1,1,1,1,0,0,0,0,0,0,0,0,0,0,0,0,0,0,0,0,0,0,0,hispanic,30 - 49,west
Male,0,0,1,0,1,0,0,1,0,0,1,0,0,0,1,1,1,0,0,0,0,0,1,0,0,0,0,0,0,0,asian,30 - 49,south
Female,1,1,1,1,1,0,1,1,1,1,0,0,0,0,1,1,0,0,0,0,0,0,0,0,0,0,0,1,0,0,white,18 - 29,west
Female,0,1,1,1,1,0,1,0,1,0,0,0,0,0,1,0,0,0,0,0,0,0,0,1,0,0,0,0,0,0,white,18 - 29,midwest
Male,1,1,1,1,1,1,1,1,1,1,1,0,1,0,0,0,1,0,0,0,1,1,1,1,0,0,0,1,0,0,white,30 - 49,south
Female,0,1,1,0,1,0,0,1,1,1,0,1,0,1,0,1,0,0,0,1,1,0,1,0,0,0,1,0,0,0,white,50 - 64,south
Male,1,1,1,1,1,1,1,1,NA,1,1,NA,0,1,1,1,1,0,NA,0,1,0,0,0,0,0,1,1,1,0,hispanic,30 - 49,south
Female,1,1,1,0,1,0,1,0,1,0,0,1,0,0,1,1,0,0,1,0,1,0,1,1,1,1,0,1,1,0,white,30 - 49,west
Female,1,1,1,0,1,0,0,1,1,1,0,0,1,1,1,0,0,0,0,0,0,0,1,0,0,0,0,0,0,0,white,18 - 29,midwest
Female,NA,1,1,0,1,1,1,1,1,1,1,1,0,NA,1,1,1,0,1,0,1,1,0,1,1,1,0,1,1,1,other,50 - 64,west
Male,1,1,1,1,1,1,1,1,1,1,1,1,1,1,1,1,1,1,1,1,1,1,1,1,1,1,1,1,1,1,hispanic,18 - 29,west
Female,1,1,1,1,1,1,0,0,0,0,0,1,0,0,0,1,1,0,NA,1,0,0,1,0,0,0,1,1,0,1,white,65 +,south
Male,1,1,1,1,1,1,0,1,0,1,0,1,0,1,1,1,1,1,1,0,1,1,0,0,1,1,1,1,1,0,hispanic,30 - 49,south
Male,1,1,0,0,1,0,1,1,1,0,0,1,0,0,1,1,0,0,1,0,0,0,1,1,0,1,0,1,1,0,black,30 - 49,south
Male,1,0,1,0,1,0,0,1,1,0,0,0,0,0,0,0,0,0,0,1,1,0,0,0,0,0,0,0,0,0,hispanic,50 - 64,south
Female,1,1,1,0,1,1,0,1,1,0,1,1,0,0,1,0,0,0,1,0,0,0,1,1,0,0,0,0,0,0,asian,30 - 49,west
Male,1,1,1,1,1,1,1,1,1,1,1,1,NA,1,1,1,1,1,1,1,1,1,1,NA,0,1,1,1,1,1,hispanic,30 - 49,south
Male,1,1,1,1,1,1,1,1,1,1,1,1,NA,1,1,1,1,1,1,1,0,1,0,0,0,0,0,0,0,1,hispanic,30 - 49,west
Male,1,1,1,0,1,0,0,1,1,0,1,1,1,1,0,1,0,0,1,0,0,1,1,0,0,0,0,0,0,0,white,18 - 29,northeast
Male,0,1,0,1,1,0,0,1,1,1,0,1,1,0,1,0,0,0,1,1,0,1,1,1,0,0,0,1,1,0,asian,18 - 29,northeast
Male,1,1,0,0,1,0,1,0,1,0,0,0,0,0,0,1,0,0,0,1,1,0,1,0,0,0,0,0,0,0,white,30 - 49,west
Male,1,1,1,0,1,0,1,1,1,0,1,1,0,0,1,1,0,0,1,0,1,0,1,0,1,0,0,0,0,1,other,50 - 64,midwest
Male,1,0,1,0,1,0,0,0,1,1,0,0,0,0,0,0,0,0,0,0,0,1,1,0,0,0,0,0,0,0,white,30 - 49,south
Male,1,1,1,1,1,0,0,1,1,0,0,0,0,0,0,0,0,0,0,1,0,1,1,0,0,0,0,0,0,0,white,18 - 29,south
Female,1,1,1,0,1,0,1,0,1,0,0,1,1,1,1,0,0,1,1,0,1,0,1,0,1,0,0,0,0,1,white,30 - 49,south
Female,0,1,1,0,1,1,0,0,0,0,0,1,0,1,1,1,1,0,1,0,1,0,1,1,0,1,0,1,1,0,hispanic,30 - 49,midwest
Male,1,0,1,0,1,0,0,0,0,0,0,0,0,1,1,0,1,0,0,1,0,0,0,1,0,1,0,0,0,0,white,65 +,south
Female,1,1,1,1,1,1,0,1,1,1,0,1,0,0,1,1,1,0,1,0,0,0,1,1,0,1,1,0,0,0,other,30 - 49,south
Female,1,1,1,0,1,0,1,0,1,0,1,0,0,0,1,1,0,0,1,1,1,0,1,1,1,1,0,0,1,0,white,50 - 64,midwest
Male,1,1,1,0,1,0,1,1,1,0,1,1,0,0,0,1,0,1,0,1,1,0,0,1,1,1,0,1,1,0,white,50 - 64,west
Male,1,0,1,0,1,0,0,0,1,0,0,1,1,0,0,1,0,1,1,1,1,1,1,0,0,0,0,1,0,0,white,30 - 49,midwest
Male,0,1,1,1,1,0,1,1,1,0,1,0,0,0,1,0,0,0,0,0,0,0,1,1,0,0,0,1,0,0,white,30 - 49,midwest
Male,1,1,1,1,1,0,0,1,1,0,0,1,1,1,1,1,1,1,1,1,1,0,1,1,1,1,0,1,1,1,white,30 - 49,west
Female,1,1,1,1,1,1,1,0,0,1,0,0,0,0,0,0,1,1,0,1,0,1,1,1,0,0,1,1,0,0,hispanic,18 - 29,south
Female,1,1,1,0,1,0,1,1,0,1,1,1,0,1,1,0,1,1,1,1,1,1,1,1,1,1,1,0,1,1,hispanic,50 - 64,west
Female,1,0,1,0,1,0,1,0,1,0,0,0,1,0,0,0,0,0,0,0,1,1,1,0,0,0,0,0,0,0,white,50 - 64,west
Male,1,0,1,0,1,0,0,1,0,0,0,1,0,1,1,1,0,0,1,0,0,1,1,1,0,1,0,0,1,0,white,30 - 49,south
Male,1,1,1,1,1,NA,1,1,1,1,0,0,1,0,0,0,0,0,1,0,0,1,1,0,0,0,0,0,0,0,white,30 - 49,northeast
Female,1,1,1,1,1,1,1,1,1,1,1,1,1,1,1,1,1,0,1,1,0,0,1,1,0,1,1,1,0,1,white,30 - 49,south
Female,1,1,1,0,1,1,1,0,1,0,0,0,0,0,0,1,0,0,1,0,0,0,0,1,0,0,0,1,1,0,white,30 - 49,midwest
Female,1,1,1,0,1,0,1,1,1,1,1,0,0,0,0,1,0,0,0,0,0,0,0,1,0,1,0,0,0,0,white,30 - 49,northeast
Female,1,1,1,1,1,1,1,1,1,1,1,0,0,0,0,1,0,0,0,0,0,0,1,0,0,0,0,0,0,0,hispanic,50 - 64,northeast
Female,1,1,1,1,1,0,0,0,1,0,0,1,0,0,0,1,0,0,1,0,1,0,0,0,0,1,0,1,0,1,white,30 - 49,northeast
Male,1,1,1,1,1,0,0,1,1,1,0,0,0,1,0,1,1,0,1,0,1,1,1,1,0,1,1,1,0,0,hispanic,30 - 49,south
Male,1,1,1,1,1,1,1,1,1,1,0,1,0,1,1,1,1,0,1,0,1,1,1,1,1,0,1,1,0,0,asian,30 - 49,northeast
Female,1,1,1,1,1,1,1,1,0,1,0,1,0,0,0,1,0,0,1,0,1,1,0,1,0,1,1,0,0,1,white,30 - 49,south
Male,1,0,0,0,1,1,0,0,1,0,0,1,0,0,1,0,1,0,0,0,0,0,1,0,0,0,0,0,0,0,white,65 +,northeast
Male,1,1,1,1,1,1,1,1,1,1,1,1,0,0,0,1,1,0,0,1,0,1,1,1,0,1,0,0,1,0,hispanic,50 - 64,west
Male,1,1,1,1,1,1,1,1,1,1,1,0,0,1,0,0,0,1,0,1,0,1,0,0,0,0,0,0,0,0,hispanic,30 - 49,west
Male,1,0,1,0,1,0,0,0,1,0,0,1,0,1,1,1,1,0,1,1,1,0,1,1,1,1,0,1,1,1,white,30 - 49,south
Female,1,1,NA,1,1,1,0,0,1,1,1,0,0,0,0,1,0,0,0,1,1,1,1,1,1,0,1,1,0,0,white,30 - 49,midwest
Male,1,1,1,1,1,1,0,1,1,1,0,1,0,1,0,0,0,1,0,0,0,1,1,0,0,0,0,0,0,0,white,18 - 29,south
Female,1,1,1,0,1,0,1,1,1,0,1,1,0,1,1,1,1,0,0,0,1,0,1,1,1,1,0,0,0,0,white,50 - 64,northeast
Male,0,0,1,0,1,0,0,0,1,0,0,0,0,0,0,0,0,0,0,0,0,0,1,0,0,0,0,0,0,0,white,30 - 49,south
Male,1,1,1,1,1,1,1,1,1,1,1,0,0,0,1,1,1,1,1,1,NA,0,0,0,0,0,0,1,NA,0,hispanic,30 - 49,west
Male,1,0,1,0,1,0,1,1,1,0,0,0,1,0,0,0,0,0,1,1,0,0,1,0,1,0,0,0,0,0,other,30 - 49,northeast
Female,1,1,1,1,1,1,0,0,0,0,0,1,1,0,1,1,1,1,1,1,1,0,1,1,NA,1,1,1,0,1,white,65 +,west
Male,1,0,1,0,1,0,1,1,1,0,0,1,1,0,0,0,0,1,0,1,0,1,1,0,0,1,0,1,0,0,white,50 - 64,south
Male,1,1,1,1,1,1,1,1,1,1,1,0,1,0,0,0,0,1,0,0,1,0,0,0,1,0,0,0,0,0,hispanic,30 - 49,south
Male,1,1,0,0,1,0,1,1,1,0,0,0,0,0,0,1,0,0,0,0,1,0,0,1,0,1,0,0,0,0,white,30 - 49,northeast
Male,1,0,1,0,1,0,0,0,1,0,0,0,0,1,1,1,0,0,1,1,1,0,0,1,1,0,0,1,1,0,white,30 - 49,midwest
Female,1,1,1,0,1,1,1,1,0,0,0,1,0,1,1,1,1,1,1,1,1,1,1,1,0,0,1,1,1,0,white,30 - 49,south
Male,1,NA,1,0,1,1,0,0,0,0,0,1,1,0,0,0,1,1,1,0,0,0,0,0,0,1,0,0,1,0,white,65 +,west
Male,0,1,1,1,0,0,1,1,0,1,1,1,1,0,0,1,0,0,1,0,1,1,1,0,1,0,0,1,1,0,white,30 - 49,northeast
Female,0,0,1,0,1,0,0,0,0,0,0,1,1,0,0,1,1,0,1,0,1,0,1,0,0,0,1,1,0,0,white,30 - 49,south
Male,1,1,1,0,1,0,1,0,1,1,0,0,0,0,0,1,0,0,0,1,0,0,1,0,0,1,0,0,0,0,white,30 - 49,south
Male,1,1,1,1,1,1,1,1,1,1,1,1,1,0,0,0,1,0,0,1,1,0,0,1,0,0,0,0,1,0,hispanic,18 - 29,west
Female,1,1,1,1,1,0,0,1,1,1,0,1,1,1,0,1,0,1,0,0,1,0,1,0,0,1,1,0,1,0,white,50 - 64,south
Female,1,1,1,1,1,0,1,1,1,1,0,1,0,0,1,1,0,0,1,1,1,0,1,1,1,1,0,1,1,0,black,30 - 49,south
Female,1,1,1,1,1,1,1,1,0,1,1,1,0,1,0,1,1,0,1,0,1,0,1,0,0,0,0,0,0,0,white,30 - 49,south
Female,1,0,1,0,1,0,1,1,1,0,1,0,0,0,1,1,0,0,0,0,1,0,0,1,1,1,0,1,1,0,asian,30 - 49,west
Male,1,1,1,1,1,1,1,0,1,0,1,1,0,1,1,0,1,0,1,1,1,1,1,1,0,1,1,1,1,0,hispanic,50 - 64,west
Female,1,1,1,0,1,1,1,1,1,1,1,0,0,0,1,1,0,0,0,0,0,0,0,1,0,0,0,1,0,0,white,30 - 49,west
Male,1,1,1,1,1,1,1,1,1,0,1,0,0,1,1,1,1,0,0,1,1,0,1,1,1,0,0,0,1,0,hispanic,30 - 49,west
Female,1,0,1,0,1,0,1,0,1,0,0,0,0,0,1,0,0,0,1,0,0,1,0,1,0,0,0,1,1,1,white,30 - 49,midwest
Male,1,1,1,0,1,1,0,1,1,0,0,1,0,0,1,1,1,0,0,1,1,1,1,1,0,1,0,1,1,0,black,30 - 49,south
Male,1,1,1,1,1,1,0,0,1,0,0,0,0,1,1,0,1,1,0,0,0,0,1,1,1,1,0,1,1,1,hispanic,30 - 49,west
Male,1,1,1,0,1,0,1,0,1,1,0,0,1,0,0,0,0,0,0,0,0,1,1,0,0,0,0,0,0,0,white,30 - 49,northeast
Female,1,1,1,0,1,0,0,0,1,1,0,1,0,0,1,1,0,0,1,1,1,0,1,0,1,1,0,1,1,1,asian,30 - 49,south
Male,1,1,1,1,1,1,1,0,0,1,1,0,0,0,1,0,0,0,0,0,0,0,0,1,0,0,0,1,0,0,hispanic,50 - 64,south
Female,1,1,1,0,1,0,1,0,1,0,0,1,1,1,1,1,1,0,1,1,1,0,1,1,0,1,0,0,1,1,white,30 - 49,northeast
Female,0,1,1,0,1,0,1,0,1,0,0,1,0,1,0,0,1,0,0,0,0,0,1,0,0,0,0,0,0,0,white,50 - 64,northeast
Male,0,0,0,1,1,1,1,0,1,0,1,1,0,1,0,0,1,1,0,1,0,1,1,0,0,0,0,1,0,0,white,30 - 49,midwest
Female,0,0,1,0,1,0,1,0,0,0,0,0,1,0,0,1,0,0,1,0,1,1,0,0,0,0,0,0,0,0,white,65 +,south
Male,1,1,1,1,1,1,1,1,1,1,1,0,1,1,0,0,0,0,0,1,0,0,1,0,0,0,0,1,0,0,hispanic,30 - 49,west
Female,1,1,1,1,1,1,0,0,0,0,0,1,1,0,1,NA,1,1,1,1,1,1,1,1,1,1,1,1,1,0,white,30 - 49,west
Female,1,0,1,0,1,0,1,1,0,0,1,0,0,1,1,0,1,0,0,0,1,0,1,0,0,0,0,1,0,0,hispanic,65 +,west
Male,0,1,0,0,1,1,0,0,0,0,0,0,0,0,0,0,1,0,0,1,1,0,1,0,0,0,1,1,0,0,white,30 - 49,south
Male,1,1,1,1,1,1,1,1,1,1,0,0,0,0,0,0,1,1,0,1,1,1,0,1,1,0,0,0,0,0,hispanic,30 - 49,northeast
Female,0,1,1,0,1,0,1,1,1,0,0,1,1,0,0,1,1,1,0,0,1,1,1,0,0,1,1,1,0,0,white,50 - 64,south
Male,1,1,1,1,1,1,1,1,1,1,1,0,0,0,1,1,1,1,1,0,0,0,0,0,0,1,1,0,0,0,hispanic,30 - 49,west
Male,1,1,1,1,1,1,1,1,1,1,1,0,0,1,1,1,1,0,0,0,1,1,1,0,0,1,1,1,0,0,white,30 - 49,midwest
Male,1,1,1,1,1,1,1,0,0,1,0,0,1,1,1,1,0,0,0,0,1,1,0,0,0,1,NA,0,1,1,hispanic,30 - 49,midwest
Male,1,1,1,1,1,1,1,1,1,1,1,1,1,1,1,1,1,1,1,1,1,1,1,1,1,1,1,1,1,1,white,30 - 49,south
Male,1,1,1,1,1,1,1,0,0,1,0,1,0,1,0,1,0,0,0,0,0,0,1,0,1,0,0,0,0,0,hispanic,30 - 49,midwest
Female,0,1,1,1,1,1,1,1,1,1,1,0,1,0,1,1,1,1,1,1,1,1,1,1,1,1,1,1,0,1,hispanic,18 - 29,south
Female,1,1,1,0,1,0,1,1,1,1,1,0,0,0,1,0,0,0,0,0,0,0,1,1,0,0,0,0,0,0,white,30 - 49,south
Male,1,0,1,1,1,1,1,1,1,1,1,0,0,0,0,0,0,0,0,0,1,0,0,0,0,0,0,0,0,0,white,30 - 49,west
Female,1,1,1,1,1,0,1,0,1,1,0,0,0,0,0,1,0,0,0,0,0,0,0,0,0,0,0,1,0,0,white,18 - 29,northeast
Female,1,1,0,1,1,0,1,0,1,0,1,0,0,0,1,1,0,0,0,0,0,0,0,1,1,1,0,0,1,0,asian,30 - 49,south
Male,1,1,1,1,1,1,0,1,1,0,1,1,0,0,1,0,1,0,1,0,0,0,1,1,0,1,0,1,1,0,white,30 - 49,west
Male,1,1,1,0,1,1,0,1,0,0,0,1,0,0,0,0,0,0,1,0,1,1,1,1,0,0,0,1,0,0,white,50 - 64,midwest
Female,0,1,1,1,1,0,1,1,1,1,0,0,0,1,1,0,0,0,0,0,0,0,1,1,0,0,0,0,0,0,white,18 - 29,northeast
Male,1,1,1,1,1,1,0,1,1,1,0,0,1,0,0,1,0,0,1,0,0,0,1,1,0,1,0,1,1,0,black,18 - 29,west
Male,1,1,1,1,1,1,1,1,1,0,0,0,0,0,1,1,1,0,0,0,1,0,1,1,1,0,0,1,1,0,black,18 - 29,west
Male,0,1,1,1,1,0,0,0,0,0,1,0,1,1,1,1,0,0,1,0,1,1,0,1,1,1,0,1,1,1,white,18 - 29,south
Male,1,1,1,0,1,0,1,0,1,1,0,0,0,0,0,1,0,0,0,0,0,0,0,0,0,0,0,0,0,0,black,18 - 29,south
Female,1,1,1,0,1,1,1,1,0,1,1,1,0,0,1,1,0,0,1,0,0,0,0,1,0,0,0,0,0,0,asian,30 - 49,midwest
Male,1,1,1,1,1,1,1,1,1,1,1,0,1,1,0,0,1,0,0,1,1,0,0,0,0,0,0,0,0,0,white,30 - 49,midwest
Male,0,1,NA,1,1,1,0,0,0,1,1,0,0,1,1,0,0,1,1,0,0,0,0,0,0,0,1,0,1,0,hispanic,30 - 49,south
Female,1,1,1,1,1,0,1,1,1,1,1,1,1,0,0,0,1,0,1,0,0,1,1,0,0,0,0,1,0,0,white,30 - 49,midwest
Male,1,1,1,0,1,1,1,1,0,0,0,1,0,1,1,0,0,0,0,1,1,0,1,0,0,0,1,0,0,0,white,50 - 64,west
Male,1,1,1,1,1,1,1,1,1,1,1,1,0,1,1,0,0,1,NA,0,0,0,1,NA,0,1,0,0,0,0,hispanic,30 - 49,west
Female,1,1,1,1,1,1,0,0,0,0,0,1,0,0,0,0,1,0,1,0,1,1,1,0,0,1,1,0,1,0,white,50 - 64,west
Female,1,1,1,1,1,0,1,1,1,0,0,1,1,1,1,1,0,0,1,1,0,1,1,1,1,1,0,1,1,1,white,30 - 49,west
Male,1,1,0,0,1,1,1,1,1,0,1,NA,0,0,0,0,0,0,0,0,0,0,0,0,1,0,0,0,0,0,hispanic,30 - 49,west
Female,1,1,1,1,1,1,1,1,1,1,1,0,0,NA,0,0,1,0,1,1,1,0,1,1,0,1,1,1,0,0,white,30 - 49,south
Male,1,1,1,1,1,1,1,1,1,1,1,1,0,1,1,0,0,0,0,0,0,0,0,0,0,0,0,0,1,0,hispanic,30 - 49,west
Male,1,0,0,0,1,0,0,1,1,0,0,1,1,0,0,0,0,0,0,0,1,0,1,0,0,0,0,0,0,0,white,50 - 64,west
Male,0,0,1,0,1,1,1,1,1,0,0,0,0,0,0,1,0,0,1,1,0,NA,0,1,1,1,0,0,0,0,white,30 - 49,northeast
Male,0,1,1,0,NA,1,0,NA,NA,1,0,1,0,0,0,1,1,0,0,0,1,1,0,1,1,0,0,0,1,0,white,30 - 49,northeast
Male,1,1,0,1,1,0,1,1,1,1,1,0,1,0,0,1,0,1,1,1,1,1,1,1,0,0,0,0,1,0,hispanic,30 - 49,west
Male,1,1,1,1,1,1,1,1,1,0,0,0,1,0,0,0,NA,0,0,1,0,0,0,0,0,1,0,1,NA,1,white,30 - 49,west
Female,1,1,1,0,1,1,1,0,1,0,0,1,0,1,1,1,0,0,0,0,0,1,1,0,0,1,0,0,1,1,other,30 - 49,south
Male,1,0,1,0,1,1,0,1,1,0,1,0,0,0,0,0,0,0,0,0,1,0,0,0,0,1,0,1,0,0,white,18 - 29,west
Female,1,1,1,1,1,1,0,1,1,0,0,0,1,1,1,0,1,0,1,0,0,0,1,0,1,0,1,1,1,1,white,30 - 49,south
Female,0,1,1,0,1,NA,1,1,1,1,1,0,0,0,1,0,0,1,0,1,0,0,0,1,0,0,0,0,1,0,white,30 - 49,south
Male,1,1,1,1,1,1,0,1,0,0,0,0,0,1,0,1,1,0,0,0,0,0,0,1,1,1,1,0,0,0,black,30 - 49,south
Female,1,1,1,1,1,1,1,1,1,1,0,0,0,0,1,0,1,0,0,0,0,1,0,0,0,0,0,0,0,0,white,18 - 29,south
Male,1,1,1,0,NA,0,1,1,1,0,0,1,0,0,1,1,0,0,1,0,0,0,1,1,1,1,0,1,1,0,white,30 - 49,midwest
Male,1,1,1,1,1,0,0,1,1,1,0,0,1,0,0,0,0,0,1,0,0,1,0,0,0,0,0,0,0,1,white,30 - 49,northeast
Female,1,1,1,1,1,1,1,1,1,1,1,1,0,0,0,1,0,0,1,0,0,0,1,0,0,1,0,0,0,0,black,18 - 29,south
Male,1,1,1,1,1,1,1,1,NA,0,0,0,0,1,1,0,0,1,1,0,0,1,0,0,1,1,1,0,0,1,white,65 +,northeast
Male,1,1,1,1,1,1,1,1,0,1,0,1,1,1,1,0,1,1,0,0,1,1,1,0,0,1,1,1,1,0,white,65 +,west
Female,0,0,1,0,1,1,1,0,1,0,0,1,1,0,1,1,0,0,1,0,0,0,1,1,0,0,0,1,1,0,white,30 - 49,south
Male,1,0,1,0,1,0,0,0,0,1,0,0,0,0,0,0,0,1,1,0,0,0,0,0,0,0,0,0,0,0,hispanic,30 - 49,northeast
Female,1,1,1,0,1,0,1,1,1,0,0,0,0,0,0,1,0,0,1,0,0,0,1,0,0,0,0,0,0,0,white,30 - 49,midwest
Female,1,1,1,1,1,0,1,1,1,0,0,1,0,0,1,1,0,0,1,0,0,0,1,0,0,1,0,0,0,0,asian,30 - 49,west
Female,1,1,1,1,1,1,1,1,1,1,0,0,0,0,1,1,1,0,0,0,0,0,1,0,1,0,1,0,0,1,white,30 - 49,midwest
Male,1,1,1,1,1,1,0,1,1,1,0,1,1,0,1,1,0,1,1,1,0,1,1,0,0,0,0,0,1,0,white,30 - 49,midwest
Female,1,1,1,0,1,0,1,1,1,1,0,1,1,1,0,0,0,0,0,1,0,1,1,0,0,0,1,0,0,0,hispanic,18 - 29,west
Male,1,1,1,1,1,1,1,0,1,0,0,0,0,1,1,1,1,1,0,0,0,0,0,0,0,0,0,0,0,0,black,30 - 49,south
Female,1,1,1,0,1,0,1,1,1,0,0,1,0,1,1,1,1,0,1,1,1,1,1,1,1,1,0,1,1,1,white,65 +,south
Female,0,1,1,1,0,0,1,0,0,1,1,0,0,0,1,0,1,0,1,0,0,0,1,0,0,0,0,0,0,0,other,18 - 29,south
Male,1,1,1,0,1,1,0,0,0,0,0,0,0,0,1,0,1,0,1,1,1,1,1,0,1,1,1,1,0,1,hispanic,30 - 49,south
Female,1,1,1,1,1,1,0,1,0,1,0,0,1,1,1,0,0,1,0,1,0,0,0,0,0,1,1,0,0,1,white,18 - 29,northeast
Female,1,1,1,1,1,0,1,0,1,1,0,0,0,0,1,1,0,0,1,0,0,0,0,1,0,0,0,1,0,0,white,30 - 49,south
Male,0,1,1,1,1,1,0,1,1,1,0,0,0,0,0,0,0,0,0,0,0,0,1,0,0,0,0,0,0,0,white,18 - 29,midwest
Male,1,1,1,1,1,1,1,1,1,1,1,1,1,1,1,0,1,1,1,1,1,1,0,1,1,1,1,1,1,1,hispanic,30 - 49,west
Female,0,1,1,0,1,0,0,0,1,1,0,0,0,0,1,1,0,0,0,0,1,0,0,1,0,0,0,1,1,0,white,18 - 29,midwest
Female,1,1,1,1,1,1,1,0,1,1,0,1,0,0,0,0,1,0,0,0,0,0,0,0,0,0,0,0,0,0,hispanic,18 - 29,west
Male,1,1,1,1,1,1,1,1,1,1,1,1,1,1,0,1,1,0,0,0,0,0,1,1,0,1,0,1,0,0,hispanic,50 - 64,northeast
Male,1,1,1,0,1,1,1,1,1,0,0,1,1,0,1,1,0,1,0,1,0,0,1,1,0,0,0,0,1,0,white,30 - 49,northeast
Male,1,1,1,0,1,1,1,1,1,0,1,0,0,1,1,1,1,1,1,0,1,0,1,0,1,0,1,0,1,1,other,18 - 29,south
Male,1,1,1,0,1,1,0,1,0,0,0,0,0,0,0,0,0,0,0,0,0,1,0,0,0,0,1,1,1,1,hispanic,30 - 49,west
Female,0,1,1,1,1,1,1,1,0,1,0,1,0,0,0,1,1,0,1,1,0,1,0,0,0,0,0,0,0,1,white,18 - 29,south
Male,1,1,NA,1,1,1,1,1,1,1,1,0,1,0,1,1,1,1,1,0,1,0,1,0,1,0,0,1,0,0,white,30 - 49,west
Male,0,1,1,0,1,0,0,0,1,0,0,0,0,0,1,0,0,0,0,1,1,0,0,1,1,1,0,0,1,0,white,30 - 49,south
Female,1,1,1,1,1,1,1,0,1,1,0,0,0,0,1,1,0,0,1,0,0,0,0,1,1,1,0,1,1,1,white,18 - 29,northeast
Male,1,1,1,1,1,1,0,0,0,1,0,0,1,1,0,0,1,1,1,0,0,0,1,0,0,1,1,1,1,0,hispanic,30 - 49,midwest
Male,1,1,1,1,1,0,0,0,1,1,0,0,1,1,1,1,0,0,0,0,0,1,1,0,0,0,0,0,0,0,white,18 - 29,northeast
Female,1,1,1,0,1,0,0,0,0,0,0,1,0,0,1,1,0,0,1,0,1,1,1,0,1,1,0,0,1,0,black,18 - 29,south
Male,1,1,1,1,1,NA,NA,1,0,1,0,1,1,0,1,0,0,0,0,0,1,1,0,0,0,0,NA,0,0,0,white,65 +,south
Male,0,1,0,1,1,0,1,NA,1,NA,1,1,1,1,1,1,1,1,1,1,1,1,1,1,1,1,1,1,1,1,white,30 - 49,west
Male,1,1,1,0,1,0,0,0,0,0,0,0,0,0,1,1,0,0,0,0,1,0,0,1,0,1,0,0,1,0,white,65 +,west
Male,1,1,1,1,1,0,1,0,1,0,0,1,1,0,0,0,1,0,0,0,1,1,1,0,0,0,0,0,0,0,white,30 - 49,south
Female,1,1,1,0,1,1,1,1,1,1,0,1,1,1,1,1,1,1,1,0,1,1,1,0,1,0,0,0,1,0,asian,30 - 49,midwest
Male,1,1,1,1,1,1,1,0,0,0,0,1,0,1,0,0,1,1,0,0,0,1,0,0,1,1,0,0,0,0,black,30 - 49,midwest
Male,1,1,1,0,1,1,1,1,1,0,0,0,0,1,1,0,1,0,0,0,1,0,1,1,1,0,1,1,0,1,white,30 - 49,west
Female,1,1,1,0,1,0,1,1,1,1,0,1,1,0,0,1,0,1,1,1,1,1,1,1,1,1,0,0,0,0,white,30 - 49,west
Male,1,1,1,0,1,0,0,0,1,0,0,1,0,0,1,0,0,0,0,0,1,0,0,0,0,1,0,0,1,0,hispanic,30 - 49,south
Female,1,1,1,0,1,0,1,0,1,0,0,1,0,0,1,0,0,0,0,0,1,0,1,0,0,NA,0,1,0,0,white,50 - 64,west
Female,1,1,1,0,1,1,1,1,1,1,1,0,0,0,1,1,0,0,1,1,0,0,0,1,0,1,0,0,1,0,white,50 - 64,west
Male,1,0,0,0,1,0,0,0,1,0,0,0,0,0,0,1,0,0,0,0,0,0,0,0,0,0,0,0,0,0,black,18 - 29,south
Female,1,1,1,0,1,0,0,1,1,1,0,0,0,0,1,1,0,0,1,1,0,1,0,0,1,1,0,1,1,0,white,18 - 29,south
Male,0,1,0,1,0,1,0,0,0,0,0,0,0,0,NA,0,0,0,0,NA,0,0,0,0,0,0,0,0,0,0,hispanic,65 +,west
Female,1,1,0,0,1,0,1,1,0,1,1,0,0,0,1,0,0,0,0,0,0,1,0,1,0,1,0,0,1,1,white,30 - 49,midwest
Male,1,1,1,0,1,0,1,0,1,0,0,0,0,0,1,0,1,0,0,0,0,0,1,0,1,1,0,0,0,0,white,30 - 49,west
Male,1,1,0,0,1,0,1,1,0,1,0,1,1,0,0,0,0,0,0,0,1,1,0,0,0,0,0,0,0,0,white,18 - 29,west
Female,1,1,1,0,1,0,1,1,1,0,1,1,0,0,1,1,0,0,1,1,1,1,0,1,1,1,0,1,1,1,white,30 - 49,south
Female,1,1,1,1,1,1,1,1,0,1,0,0,0,0,1,1,1,1,1,1,0,0,0,0,0,0,0,0,0,0,black,30 - 49,south
Male,1,1,1,1,1,1,1,1,1,0,0,1,0,1,0,0,0,1,0,0,0,0,0,1,0,0,1,1,0,0,white,50 - 64,south
Male,1,1,1,1,1,0,1,1,1,1,1,0,1,1,1,0,1,1,0,0,0,1,1,1,0,0,1,0,0,0,white,30 - 49,south
Female,1,1,1,1,1,1,1,1,1,1,1,0,1,1,0,0,1,0,1,1,1,0,0,0,1,1,0,0,0,1,white,30 - 49,midwest
Female,1,1,1,1,1,1,0,1,0,1,1,1,1,0,0,0,1,0,0,0,1,0,0,1,0,0,0,0,1,1,white,50 - 64,northeast
Female,0,1,1,0,1,0,0,0,0,0,0,1,NA,0,0,1,0,0,1,1,0,0,0,0,0,0,0,1,0,0,other,30 - 49,northeast
Female,1,1,1,1,1,1,1,0,0,1,0,0,0,0,0,1,1,0,0,0,0,1,0,0,0,0,1,0,0,1,white,50 - 64,south
Female,1,1,1,1,1,1,1,1,0,1,0,0,1,0,1,1,0,0,0,1,0,1,0,1,0,0,0,0,1,0,white,18 - 29,northeast
Female,1,1,1,1,1,1,1,0,1,1,1,1,0,0,1,1,1,0,1,0,1,0,1,1,1,0,1,1,1,0,hispanic,30 - 49,south
Female,1,1,1,0,1,1,0,1,0,1,0,1,0,0,0,1,1,1,0,1,0,1,0,1,1,1,1,1,0,0,white,50 - 64,south
Male,1,1,1,1,1,1,1,0,0,1,0,0,0,0,0,0,0,0,0,0,0,0,0,0,0,0,0,0,0,0,hispanic,30 - 49,south
Male,1,1,1,0,1,0,0,1,1,0,0,0,0,0,0,1,0,0,1,1,0,0,0,1,0,1,0,1,1,0,white,30 - 49,west
Male,1,0,1,0,1,0,0,0,1,0,1,0,0,0,1,0,0,0,0,0,0,1,1,0,0,0,0,0,0,0,white,30 - 49,west
Male,1,1,1,1,1,1,1,1,1,1,1,0,0,1,0,1,1,1,1,0,0,1,1,1,0,1,1,0,0,1,hispanic,30 - 49,west
Male,1,1,1,1,1,0,1,0,0,1,0,1,0,0,1,1,0,0,1,1,1,0,0,1,0,1,0,1,0,0,white,30 - 49,south
Male,1,1,1,1,1,0,1,1,1,1,0,1,1,0,0,1,1,1,0,0,0,0,1,1,0,1,0,0,0,0,white,30 - 49,south
Female,1,1,1,0,1,0,1,1,1,1,0,1,0,0,1,1,0,1,0,1,0,0,1,1,1,1,0,1,1,1,white,18 - 29,northeast
Male,0,1,1,1,1,1,0,1,1,0,0,0,0,1,1,1,1,0,1,0,0,0,0,1,1,1,0,1,1,0,asian,18 - 29,northeast
Male,1,1,1,1,1,1,1,0,0,0,0,0,0,0,1,0,1,1,0,0,0,0,1,1,0,1,1,0,0,0,white,30 - 49,south
Male,1,1,1,1,1,1,1,0,1,0,0,0,0,1,1,1,0,0,1,0,0,0,1,1,0,1,0,0,0,0,white,30 - 49,south
Male,1,1,1,1,1,0,0,1,1,1,0,0,0,0,0,1,0,0,0,0,0,0,0,1,0,1,0,1,0,0,white,30 - 49,west
Male,0,1,0,0,1,0,1,1,1,0,1,0,0,0,1,0,1,0,0,0,1,0,0,1,0,1,0,0,0,0,white,30 - 49,northeast
Male,1,1,1,0,1,1,1,1,1,1,0,0,0,0,1,1,0,0,1,1,0,1,0,1,1,1,0,1,1,0,white,30 - 49,northeast
Male,1,1,1,1,1,1,1,0,0,0,0,0,0,0,0,0,0,0,0,0,0,0,0,0,0,0,0,0,0,0,hispanic,18 - 29,midwest
Female,1,0,1,0,1,NA,1,0,0,0,0,0,0,0,1,0,0,0,1,0,1,0,1,1,0,1,0,0,0,0,white,50 - 64,south
Male,0,1,1,0,1,0,0,1,0,0,0,0,0,0,0,0,0,0,0,0,0,1,1,0,0,0,0,1,0,0,white,50 - 64,midwest
Female,1,1,1,0,1,0,1,1,0,0,1,0,0,0,1,1,1,1,1,0,1,0,0,1,0,0,0,0,1,0,white,65 +,south
Male,0,0,0,0,1,0,0,0,1,0,0,0,0,0,1,1,0,0,0,0,0,0,1,0,0,1,0,0,0,0,white,30 - 49,south
Female,1,1,1,0,1,0,1,0,1,1,1,0,1,0,1,1,1,0,0,1,1,1,1,0,0,0,1,0,0,0,white,50 - 64,northeast
Female,1,1,1,1,1,1,1,1,1,1,1,0,0,0,1,0,0,1,1,1,1,1,0,0,0,1,0,1,1,1,hispanic,50 - 64,south
Female,1,1,1,1,1,0,1,1,1,1,0,1,0,0,1,1,0,0,0,0,0,0,1,1,0,1,0,0,1,0,white,30 - 49,midwest
Male,1,1,1,0,1,1,0,0,1,1,1,0,1,0,0,0,0,1,0,0,1,1,0,0,0,0,0,0,0,0,hispanic,30 - 49,northeast
Male,1,0,1,0,1,0,1,1,1,1,1,0,0,0,0,0,0,0,0,0,0,0,0,0,0,0,0,0,0,0,white,30 - 49,west
Male,1,1,1,0,1,1,0,0,0,0,0,0,0,0,0,0,0,NA,0,0,1,0,1,0,0,0,0,1,0,1,black,30 - 49,midwest
Female,0,1,1,1,1,1,0,0,0,1,0,0,0,0,1,0,1,0,0,0,0,1,0,0,1,1,1,0,0,1,white,18 - 29,south
Male,1,1,1,0,1,0,0,1,0,1,0,0,0,0,1,1,1,0,0,0,0,0,1,1,0,1,0,0,0,0,asian,30 - 49,west
Male,1,1,1,1,1,1,0,0,1,0,0,1,0,1,0,1,0,1,0,0,0,1,1,1,0,0,1,1,0,1,hispanic,30 - 49,south
Male,1,1,1,0,1,0,0,0,1,0,0,1,1,1,0,0,0,0,1,0,0,1,1,0,0,0,0,1,0,0,asian,30 - 49,south
Male,1,0,1,0,1,1,0,1,1,1,0,0,0,0,1,0,0,0,0,0,0,0,0,1,0,1,0,0,0,0,white,30 - 49,midwest
Male,1,1,1,0,1,0,1,1,1,1,0,1,0,0,0,1,0,0,0,0,0,1,1,0,0,0,0,0,0,0,white,30 - 49,midwest
Female,1,1,1,1,1,1,0,0,1,1,0,1,0,1,0,0,1,0,0,0,0,0,0,1,0,0,0,1,0,0,white,30 - 49,west
Female,0,1,1,1,1,0,1,1,0,0,0,1,1,1,0,0,0,0,0,0,0,1,1,0,0,1,0,0,1,0,white,30 - 49,midwest
Female,1,0,1,0,1,0,1,0,1,0,0,1,1,0,0,0,1,1,0,0,0,0,1,1,0,0,1,0,0,0,white,50 - 64,west
Female,1,1,1,0,1,0,1,1,1,0,0,0,1,0,0,0,1,1,0,0,0,0,1,0,0,0,1,0,0,0,white,30 - 49,south
Male,1,1,1,1,1,1,1,1,1,1,1,1,0,1,1,1,1,0,0,1,0,0,1,0,0,1,0,0,1,1,hispanic,30 - 49,west
Female,1,1,1,0,1,0,1,0,1,0,1,0,0,0,1,1,0,0,1,0,0,1,0,0,0,0,0,0,1,0,white,30 - 49,south
Male,1,1,1,1,1,1,1,1,0,0,1,1,0,0,1,0,1,0,0,1,0,0,0,0,0,1,1,0,1,0,white,30 - 49,northeast
Male,1,0,1,1,1,1,1,1,1,1,1,1,1,1,0,0,0,1,1,1,0,1,1,0,1,1,0,0,0,0,hispanic,18 - 29,west
Female,0,1,1,1,1,0,1,1,1,1,1,1,0,0,1,1,1,1,0,1,1,1,1,1,0,0,1,1,1,0,asian,30 - 49,west
Male,1,1,1,1,1,1,1,1,NA,1,1,1,0,1,0,1,0,0,NA,1,1,1,1,1,1,0,0,0,0,1,hispanic,65 +,midwest
Female,1,1,1,0,1,0,1,1,1,0,0,1,0,0,1,1,0,0,0,0,1,0,1,0,0,0,0,0,0,0,other,30 - 49,northeast
Male,0,0,1,0,1,1,0,0,1,0,0,0,0,1,0,0,1,0,0,0,1,1,1,0,1,0,1,1,0,0,white,65 +,south
Male,1,1,1,1,1,1,1,0,0,1,0,1,1,0,0,0,0,0,0,1,0,0,1,0,0,1,1,0,0,0,white,50 - 64,south
Female,1,1,1,1,1,1,0,1,0,1,1,1,0,0,1,1,1,1,1,0,0,0,0,1,0,0,0,0,0,1,white,50 - 64,south
Male,1,1,1,0,1,0,0,0,1,0,0,0,0,0,1,1,0,0,0,1,1,0,1,1,0,1,0,1,0,0,white,30 - 49,midwest
Female,1,1,1,1,1,1,1,0,0,0,0,0,0,0,0,0,0,0,0,0,0,0,0,0,0,0,0,0,0,0,white,30 - 49,midwest
Male,0,1,1,0,1,0,1,0,1,0,1,1,1,1,1,1,1,1,1,1,1,1,1,1,1,1,1,0,1,1,black,30 - 49,midwest
Female,1,1,1,0,1,0,1,0,1,0,1,0,0,0,1,1,0,0,0,1,0,0,1,1,1,0,0,0,0,1,asian,18 - 29,west
Female,0,0,1,0,1,0,1,1,0,0,0,0,0,1,1,0,1,0,0,0,1,1,0,0,0,0,0,1,1,0,white,65 +,south
Female,1,1,1,1,1,1,1,0,1,1,0,1,1,0,0,0,0,1,1,0,0,0,0,1,1,0,1,1,1,0,white,30 - 49,west
Female,1,1,1,1,1,0,1,0,1,1,1,0,0,0,0,1,0,0,0,0,0,0,0,0,0,1,0,0,0,0,white,50 - 64,midwest
Female,1,1,1,1,1,0,0,0,1,1,0,1,0,1,1,1,0,1,1,1,1,0,1,1,1,1,0,1,1,1,white,30 - 49,south
Male,1,1,1,1,1,1,1,1,1,1,0,0,0,0,0,0,0,0,0,0,0,0,0,0,0,0,0,0,1,0,hispanic,18 - 29,northeast
Male,1,1,1,1,1,0,0,1,1,1,0,0,0,0,1,1,0,0,1,0,1,0,1,1,0,1,0,1,1,0,white,65 +,northeast
Other,1,0,1,0,1,0,0,0,1,0,0,0,0,0,1,1,0,0,0,0,0,1,0,1,1,1,0,1,1,0,white,18 - 29,west
Female,0,0,1,0,1,0,1,0,0,0,0,0,0,0,0,0,0,0,0,0,0,0,0,1,0,0,0,0,0,0,white,30 - 49,south
Female,1,1,1,1,1,1,0,1,0,1,0,0,0,1,1,0,0,1,0,0,0,0,0,0,0,0,0,0,0,1,white,30 - 49,west
Male,1,1,1,1,1,1,1,1,1,1,1,1,1,1,1,1,1,0,0,1,1,1,1,1,1,1,1,1,0,1,hispanic,18 - 29,northeast
Male,1,1,1,0,1,0,0,1,0,0,0,1,0,1,0,1,0,1,1,1,0,0,1,0,0,0,0,1,0,0,white,30 - 49,south
Male,0,1,1,0,1,1,0,0,1,1,0,1,1,1,1,1,1,1,1,1,1,0,1,1,1,1,0,1,1,1,other,30 - 49,south
Female,0,1,1,0,1,0,1,0,1,0,0,1,1,1,0,0,1,0,0,1,0,NA,1,0,0,0,1,1,0,0,white,65 +,south
Male,1,1,1,1,1,1,0,0,0,0,0,0,0,0,0,0,0,1,0,0,0,0,0,0,0,0,0,0,0,0,black,30 - 49,south
Male,0,0,0,0,1,0,0,0,1,0,0,0,0,0,1,0,0,0,0,0,0,0,0,1,0,0,0,0,0,0,asian,30 - 49,midwest
Male,1,1,1,0,1,1,0,1,1,1,0,0,0,0,1,0,1,0,1,0,0,0,0,0,0,0,1,0,0,0,white,30 - 49,south
Female,0,0,1,0,1,1,1,1,1,1,1,1,0,0,1,0,0,0,0,0,0,0,1,1,1,1,0,1,1,0,black,30 - 49,west
Female,1,1,1,1,1,1,1,1,0,0,0,1,0,1,1,1,1,0,1,0,1,1,1,1,1,1,0,0,1,1,hispanic,18 - 29,west
Female,1,1,1,0,1,1,1,1,1,0,0,1,0,0,1,1,0,0,1,1,0,0,1,1,1,0,0,1,1,0,other,30 - 49,south
Male,1,1,1,1,1,1,0,1,0,1,0,1,0,0,0,1,0,1,1,1,1,0,1,1,0,1,0,1,1,0,white,30 - 49,midwest
Female,1,0,1,0,1,1,1,1,1,1,1,0,1,1,0,1,0,0,1,1,1,0,0,0,1,0,1,1,1,1,hispanic,50 - 64,south
Male,1,1,1,1,1,1,1,1,1,0,1,0,0,0,1,1,0,0,1,0,0,0,1,1,0,0,1,0,0,0,white,50 - 64,south
Female,1,1,1,1,1,1,1,1,1,0,1,1,0,0,1,0,0,0,1,1,0,0,0,0,0,0,NA,0,0,0,hispanic,50 - 64,midwest
Male,1,1,1,1,1,1,1,1,1,1,1,1,0,0,1,0,0,0,1,1,0,0,1,0,0,0,0,0,1,0,white,30 - 49,south
Female,1,1,1,1,1,1,0,0,1,1,1,1,1,0,0,0,1,1,1,0,1,0,1,1,1,1,1,1,1,0,hispanic,30 - 49,south
Male,1,1,1,1,1,1,1,1,1,1,1,0,1,0,1,0,1,0,1,0,1,0,0,0,1,1,1,1,0,1,white,50 - 64,west
Male,1,1,1,1,1,1,0,0,0,0,0,0,0,0,0,0,0,0,0,0,0,0,0,0,0,0,0,0,0,0,black,30 - 49,midwest
Female,1,1,1,1,1,1,1,1,1,1,1,0,0,0,0,0,0,1,0,0,0,0,0,0,0,0,0,0,0,0,hispanic,30 - 49,midwest
Male,1,0,1,0,1,0,0,1,0,0,0,0,1,1,0,1,1,0,1,0,1,1,1,0,0,0,1,0,0,0,white,50 - 64,south
Male,1,1,1,1,1,1,0,1,0,1,0,0,0,0,1,0,0,0,0,0,1,0,0,1,0,0,0,0,0,0,white,18 - 29,northeast
Female,1,1,1,1,1,1,1,1,1,1,1,1,0,0,0,1,1,1,1,1,1,0,0,0,0,1,1,0,0,0,white,30 - 49,south
Male,NA,1,1,1,1,1,1,0,0,1,0,1,1,1,1,1,1,1,1,0,0,1,1,1,1,1,1,1,1,1,white,30 - 49,northeast
Male,1,1,1,1,1,1,1,1,1,1,1,1,0,1,0,1,0,0,0,0,1,0,1,0,1,1,0,1,1,0,hispanic,50 - 64,south
Female,1,1,1,1,1,1,1,1,1,1,0,0,0,0,0,1,0,1,0,0,0,1,0,1,1,0,0,0,1,0,white,18 - 29,northeast
Female,1,1,1,0,1,0,0,0,1,1,0,1,0,1,1,1,1,0,1,0,1,0,1,1,0,1,0,0,1,0,white,30 - 49,south
Male,1,1,1,1,1,1,1,1,1,1,1,1,1,1,1,1,1,1,1,1,1,1,1,1,1,1,1,1,1,1,hispanic,30 - 49,midwest
Male,1,1,1,1,1,1,0,1,1,0,0,1,1,1,1,1,0,1,1,1,0,0,1,1,0,0,0,0,NA,1,white,30 - 49,northeast
